SET FOREIGN_KEY_CHECKS=0;

-- ----------------------------
-- Table structure for t_coupon
-- ----------------------------
DROP TABLE IF EXISTS `t_coupon`;
CREATE TABLE `t_coupon` (
  `id` int(11) NOT NULL,
  `coupon_name` varchar(50) DEFAULT NULL,
  `coupon_price` decimal(10,2) DEFAULT NULL,
  `create_user_id` int(11) DEFAULT NULL,
  `create_time` datetime DEFAULT NULL,
  `update_time` datetime DEFAULT NULL,
  PRIMARY KEY (`id`)
) ENGINE=InnoDB DEFAULT CHARSET=utf8mb4;

-- ----------------------------
-- Records of t_coupon
-- ----------------------------
INSERT INTO `t_coupon` VALUES ('1', '首单免费好礼', '0.00', '1', '2019-11-01 08:55:12', '2019-11-01 08:55:12');
INSERT INTO `t_coupon` VALUES ('2', '10元优惠券', '10.00', '1', '2019-11-01 08:55:12', '2019-11-01 08:55:12');
INSERT INTO `t_coupon` VALUES ('3', '20元优惠券', '20.00', '1', '2019-11-01 08:55:12', '2019-11-01 08:55:12');

-- ----------------------------
-- Table structure for t_coupon_member
-- ----------------------------
DROP TABLE IF EXISTS `t_coupon_member`;
CREATE TABLE `t_coupon_member` (
  `id` int(11) NOT NULL AUTO_INCREMENT,
  `coupon_id` int(11) DEFAULT NULL,
  `member_id` int(11) DEFAULT NULL,
  `coupon_channel` int(4) DEFAULT NULL COMMENT '1 用户购买 2 公司发放',
  `create_time` datetime DEFAULT NULL,
  `update_time` datetime DEFAULT NULL,
  PRIMARY KEY (`id`)
) ENGINE=InnoDB AUTO_INCREMENT=801 DEFAULT CHARSET=utf8mb4;

-- ----------------------------
-- Records of t_coupon_member
-- ----------------------------
INSERT INTO `t_coupon_member` VALUES ('1', '2', '389', '1', '2019-11-16 10:22:01', '2019-11-16 10:22:01');
INSERT INTO `t_coupon_member` VALUES ('2', '2', '663', '1', '2019-11-12 10:22:01', '2019-11-12 10:22:01');
INSERT INTO `t_coupon_member` VALUES ('3', '3', '409', '1', '2019-11-12 10:22:01', '2019-11-12 10:22:01');
INSERT INTO `t_coupon_member` VALUES ('4', '3', '664', '1', '2019-11-23 10:22:01', '2019-11-23 10:22:01');
INSERT INTO `t_coupon_member` VALUES ('5', '3', '393', '1', '2019-11-15 10:22:01', '2019-11-15 10:22:01');
INSERT INTO `t_coupon_member` VALUES ('6', '2', '453', '1', '2019-11-19 10:22:01', '2019-11-19 10:22:01');
INSERT INTO `t_coupon_member` VALUES ('7', '2', '449', '1', '2019-11-24 10:22:01', '2019-11-24 10:22:01');
INSERT INTO `t_coupon_member` VALUES ('8', '2', '368', '1', '2019-11-18 10:22:01', '2019-11-18 10:22:01');
INSERT INTO `t_coupon_member` VALUES ('9', '3', '261', '1', '2019-11-12 10:22:01', '2019-11-12 10:22:01');
INSERT INTO `t_coupon_member` VALUES ('10', '3', '602', '1', '2019-11-20 10:22:01', '2019-11-20 10:22:01');
INSERT INTO `t_coupon_member` VALUES ('11', '2', '655', '1', '2019-11-14 10:22:01', '2019-11-14 10:22:01');
INSERT INTO `t_coupon_member` VALUES ('12', '3', '5', '1', '2019-11-11 10:22:01', '2019-11-11 10:22:01');
INSERT INTO `t_coupon_member` VALUES ('13', '2', '868', '1', '2019-11-18 10:22:01', '2019-11-18 10:22:01');
INSERT INTO `t_coupon_member` VALUES ('14', '2', '780', '1', '2019-11-19 10:22:01', '2019-11-19 10:22:01');
INSERT INTO `t_coupon_member` VALUES ('15', '3', '729', '1', '2019-11-24 10:22:01', '2019-11-24 10:22:01');
INSERT INTO `t_coupon_member` VALUES ('16', '3', '258', '1', '2019-11-24 10:22:01', '2019-11-24 10:22:01');
INSERT INTO `t_coupon_member` VALUES ('17', '2', '274', '1', '2019-11-15 10:22:01', '2019-11-15 10:22:01');
INSERT INTO `t_coupon_member` VALUES ('18', '2', '251', '1', '2019-11-17 10:22:01', '2019-11-17 10:22:01');
INSERT INTO `t_coupon_member` VALUES ('19', '3', '409', '1', '2019-11-14 10:22:01', '2019-11-14 10:22:01');
INSERT INTO `t_coupon_member` VALUES ('20', '2', '142', '1', '2019-11-19 10:22:01', '2019-11-19 10:22:01');
INSERT INTO `t_coupon_member` VALUES ('21', '2', '965', '1', '2019-11-29 10:22:01', '2019-11-29 10:22:01');
INSERT INTO `t_coupon_member` VALUES ('22', '3', '655', '1', '2019-11-16 10:22:01', '2019-11-16 10:22:01');
INSERT INTO `t_coupon_member` VALUES ('23', '3', '408', '1', '2019-11-17 10:22:01', '2019-11-17 10:22:01');
INSERT INTO `t_coupon_member` VALUES ('24', '2', '79', '1', '2019-11-21 10:22:01', '2019-11-21 10:22:01');
INSERT INTO `t_coupon_member` VALUES ('25', '3', '618', '1', '2019-11-25 10:22:01', '2019-11-25 10:22:01');
INSERT INTO `t_coupon_member` VALUES ('26', '3', '344', '1', '2019-11-17 10:22:01', '2019-11-17 10:22:01');
INSERT INTO `t_coupon_member` VALUES ('27', '3', '919', '1', '2019-11-20 10:22:01', '2019-11-20 10:22:01');
INSERT INTO `t_coupon_member` VALUES ('28', '2', '787', '1', '2019-11-16 10:22:01', '2019-11-16 10:22:01');
INSERT INTO `t_coupon_member` VALUES ('29', '2', '262', '1', '2019-11-12 10:22:01', '2019-11-12 10:22:01');
INSERT INTO `t_coupon_member` VALUES ('30', '2', '312', '1', '2019-11-30 10:22:01', '2019-11-30 10:22:01');
INSERT INTO `t_coupon_member` VALUES ('31', '2', '137', '1', '2019-11-18 10:22:01', '2019-11-18 10:22:01');
INSERT INTO `t_coupon_member` VALUES ('32', '2', '324', '1', '2019-11-11 10:22:01', '2019-11-11 10:22:01');
INSERT INTO `t_coupon_member` VALUES ('33', '3', '702', '1', '2019-11-21 10:22:01', '2019-11-21 10:22:01');
INSERT INTO `t_coupon_member` VALUES ('34', '3', '373', '1', '2019-11-27 10:22:01', '2019-11-27 10:22:01');
INSERT INTO `t_coupon_member` VALUES ('35', '2', '304', '1', '2019-11-19 10:22:01', '2019-11-19 10:22:01');
INSERT INTO `t_coupon_member` VALUES ('36', '2', '868', '1', '2019-11-16 10:22:01', '2019-11-16 10:22:01');
INSERT INTO `t_coupon_member` VALUES ('37', '3', '840', '1', '2019-11-16 10:22:01', '2019-11-16 10:22:01');
INSERT INTO `t_coupon_member` VALUES ('38', '3', '271', '1', '2019-11-11 10:22:01', '2019-11-11 10:22:01');
INSERT INTO `t_coupon_member` VALUES ('39', '3', '107', '1', '2019-11-16 10:22:01', '2019-11-16 10:22:01');
INSERT INTO `t_coupon_member` VALUES ('40', '3', '957', '1', '2019-11-26 10:22:01', '2019-11-26 10:22:01');
INSERT INTO `t_coupon_member` VALUES ('41', '3', '581', '1', '2019-11-28 10:22:01', '2019-11-28 10:22:01');
INSERT INTO `t_coupon_member` VALUES ('42', '3', '162', '1', '2019-11-26 10:22:01', '2019-11-26 10:22:01');
INSERT INTO `t_coupon_member` VALUES ('43', '3', '678', '1', '2019-11-16 10:22:01', '2019-11-16 10:22:01');
INSERT INTO `t_coupon_member` VALUES ('44', '3', '451', '1', '2019-11-22 10:22:01', '2019-11-22 10:22:01');
INSERT INTO `t_coupon_member` VALUES ('45', '2', '534', '1', '2019-11-11 10:22:01', '2019-11-11 10:22:01');
INSERT INTO `t_coupon_member` VALUES ('46', '3', '60', '1', '2019-11-13 10:22:01', '2019-11-13 10:22:01');
INSERT INTO `t_coupon_member` VALUES ('47', '3', '620', '1', '2019-11-20 10:22:01', '2019-11-20 10:22:01');
INSERT INTO `t_coupon_member` VALUES ('48', '2', '612', '1', '2019-11-13 10:22:01', '2019-11-13 10:22:01');
INSERT INTO `t_coupon_member` VALUES ('49', '3', '787', '1', '2019-11-24 10:22:01', '2019-11-24 10:22:01');
INSERT INTO `t_coupon_member` VALUES ('50', '3', '657', '1', '2019-11-18 10:22:01', '2019-11-18 10:22:01');
INSERT INTO `t_coupon_member` VALUES ('51', '2', '103', '1', '2019-11-12 10:22:01', '2019-11-12 10:22:01');
INSERT INTO `t_coupon_member` VALUES ('52', '3', '650', '1', '2019-11-18 10:22:01', '2019-11-18 10:22:01');
INSERT INTO `t_coupon_member` VALUES ('53', '2', '205', '1', '2019-11-21 10:22:01', '2019-11-21 10:22:01');
INSERT INTO `t_coupon_member` VALUES ('54', '2', '888', '1', '2019-11-25 10:22:01', '2019-11-25 10:22:01');
INSERT INTO `t_coupon_member` VALUES ('55', '3', '374', '1', '2019-11-23 10:22:01', '2019-11-23 10:22:01');
INSERT INTO `t_coupon_member` VALUES ('56', '2', '349', '1', '2019-11-12 10:22:01', '2019-11-12 10:22:01');
INSERT INTO `t_coupon_member` VALUES ('57', '2', '718', '1', '2019-11-22 10:22:01', '2019-11-22 10:22:01');
INSERT INTO `t_coupon_member` VALUES ('58', '2', '813', '1', '2019-11-19 10:22:01', '2019-11-19 10:22:01');
INSERT INTO `t_coupon_member` VALUES ('59', '2', '994', '1', '2019-11-13 10:22:01', '2019-11-13 10:22:01');
INSERT INTO `t_coupon_member` VALUES ('60', '3', '878', '1', '2019-11-20 10:22:01', '2019-11-20 10:22:01');
INSERT INTO `t_coupon_member` VALUES ('61', '3', '321', '1', '2019-11-30 10:22:01', '2019-11-30 10:22:01');
INSERT INTO `t_coupon_member` VALUES ('62', '2', '385', '1', '2019-11-13 10:22:01', '2019-11-13 10:22:01');
INSERT INTO `t_coupon_member` VALUES ('63', '3', '424', '1', '2019-11-16 10:22:01', '2019-11-16 10:22:01');
INSERT INTO `t_coupon_member` VALUES ('64', '3', '993', '1', '2019-11-12 10:22:01', '2019-11-12 10:22:01');
INSERT INTO `t_coupon_member` VALUES ('65', '2', '88', '1', '2019-11-29 10:22:01', '2019-11-29 10:22:01');
INSERT INTO `t_coupon_member` VALUES ('66', '2', '626', '1', '2019-11-14 10:22:01', '2019-11-14 10:22:01');
INSERT INTO `t_coupon_member` VALUES ('67', '3', '42', '1', '2019-11-17 10:22:01', '2019-11-17 10:22:01');
INSERT INTO `t_coupon_member` VALUES ('68', '2', '257', '1', '2019-11-13 10:22:01', '2019-11-13 10:22:01');
INSERT INTO `t_coupon_member` VALUES ('69', '3', '232', '1', '2019-11-20 10:22:01', '2019-11-20 10:22:01');
INSERT INTO `t_coupon_member` VALUES ('70', '3', '157', '1', '2019-11-21 10:22:01', '2019-11-21 10:22:01');
INSERT INTO `t_coupon_member` VALUES ('71', '2', '449', '1', '2019-11-23 10:22:01', '2019-11-23 10:22:01');
INSERT INTO `t_coupon_member` VALUES ('72', '3', '197', '1', '2019-11-12 10:22:01', '2019-11-12 10:22:01');
INSERT INTO `t_coupon_member` VALUES ('73', '3', '10', '1', '2019-11-25 10:22:01', '2019-11-25 10:22:01');
INSERT INTO `t_coupon_member` VALUES ('74', '2', '510', '1', '2019-11-14 10:22:01', '2019-11-14 10:22:01');
INSERT INTO `t_coupon_member` VALUES ('75', '3', '4', '1', '2019-11-19 10:22:01', '2019-11-19 10:22:01');
INSERT INTO `t_coupon_member` VALUES ('76', '2', '668', '1', '2019-11-21 10:22:01', '2019-11-21 10:22:01');
INSERT INTO `t_coupon_member` VALUES ('77', '3', '419', '1', '2019-11-29 10:22:01', '2019-11-29 10:22:01');
INSERT INTO `t_coupon_member` VALUES ('78', '2', '833', '1', '2019-11-24 10:22:01', '2019-11-24 10:22:01');
INSERT INTO `t_coupon_member` VALUES ('79', '3', '530', '1', '2019-11-12 10:22:01', '2019-11-12 10:22:01');
INSERT INTO `t_coupon_member` VALUES ('80', '2', '896', '1', '2019-11-23 10:22:01', '2019-11-23 10:22:01');
INSERT INTO `t_coupon_member` VALUES ('81', '2', '806', '1', '2019-11-22 10:22:01', '2019-11-22 10:22:01');
INSERT INTO `t_coupon_member` VALUES ('82', '3', '120', '1', '2019-11-13 10:22:01', '2019-11-13 10:22:01');
INSERT INTO `t_coupon_member` VALUES ('83', '2', '517', '1', '2019-11-28 10:22:01', '2019-11-28 10:22:01');
INSERT INTO `t_coupon_member` VALUES ('84', '2', '216', '1', '2019-11-14 10:22:01', '2019-11-14 10:22:01');
INSERT INTO `t_coupon_member` VALUES ('85', '3', '827', '1', '2019-11-30 10:22:01', '2019-11-30 10:22:01');
INSERT INTO `t_coupon_member` VALUES ('86', '3', '455', '1', '2019-11-20 10:22:01', '2019-11-20 10:22:01');
INSERT INTO `t_coupon_member` VALUES ('87', '2', '387', '1', '2019-11-19 10:22:01', '2019-11-19 10:22:01');
INSERT INTO `t_coupon_member` VALUES ('88', '3', '337', '1', '2019-11-28 10:22:01', '2019-11-28 10:22:01');
INSERT INTO `t_coupon_member` VALUES ('89', '2', '163', '1', '2019-11-16 10:22:01', '2019-11-16 10:22:01');
INSERT INTO `t_coupon_member` VALUES ('90', '2', '600', '1', '2019-11-23 10:22:01', '2019-11-23 10:22:01');
INSERT INTO `t_coupon_member` VALUES ('91', '3', '437', '1', '2019-11-27 10:22:01', '2019-11-27 10:22:01');
INSERT INTO `t_coupon_member` VALUES ('92', '2', '237', '1', '2019-11-24 10:22:01', '2019-11-24 10:22:01');
INSERT INTO `t_coupon_member` VALUES ('93', '2', '644', '1', '2019-11-17 10:22:01', '2019-11-17 10:22:01');
INSERT INTO `t_coupon_member` VALUES ('94', '2', '993', '1', '2019-11-27 10:22:01', '2019-11-27 10:22:01');
INSERT INTO `t_coupon_member` VALUES ('95', '3', '659', '1', '2019-11-29 10:22:01', '2019-11-29 10:22:01');
INSERT INTO `t_coupon_member` VALUES ('96', '2', '991', '1', '2019-11-17 10:22:01', '2019-11-17 10:22:01');
INSERT INTO `t_coupon_member` VALUES ('97', '2', '340', '1', '2019-11-12 10:22:01', '2019-11-12 10:22:01');
INSERT INTO `t_coupon_member` VALUES ('98', '3', '218', '1', '2019-11-11 10:22:01', '2019-11-11 10:22:01');
INSERT INTO `t_coupon_member` VALUES ('99', '2', '237', '1', '2019-11-14 10:22:01', '2019-11-14 10:22:01');
INSERT INTO `t_coupon_member` VALUES ('100', '3', '440', '1', '2019-11-24 10:22:01', '2019-11-24 10:22:01');
INSERT INTO `t_coupon_member` VALUES ('101', '2', '851', '1', '2019-11-18 10:22:01', '2019-11-18 10:22:01');
INSERT INTO `t_coupon_member` VALUES ('102', '2', '838', '1', '2019-11-15 10:22:01', '2019-11-15 10:22:01');
INSERT INTO `t_coupon_member` VALUES ('103', '2', '541', '1', '2019-11-30 10:22:01', '2019-11-30 10:22:01');
INSERT INTO `t_coupon_member` VALUES ('104', '3', '34', '1', '2019-11-14 10:22:01', '2019-11-14 10:22:01');
INSERT INTO `t_coupon_member` VALUES ('105', '3', '763', '1', '2019-11-16 10:22:01', '2019-11-16 10:22:01');
INSERT INTO `t_coupon_member` VALUES ('106', '3', '759', '1', '2019-11-27 10:22:01', '2019-11-27 10:22:01');
INSERT INTO `t_coupon_member` VALUES ('107', '3', '989', '1', '2019-11-26 10:22:01', '2019-11-26 10:22:01');
INSERT INTO `t_coupon_member` VALUES ('108', '3', '723', '1', '2019-11-26 10:22:01', '2019-11-26 10:22:01');
INSERT INTO `t_coupon_member` VALUES ('109', '3', '442', '1', '2019-11-12 10:22:01', '2019-11-12 10:22:01');
INSERT INTO `t_coupon_member` VALUES ('110', '3', '432', '1', '2019-11-18 10:22:01', '2019-11-18 10:22:01');
INSERT INTO `t_coupon_member` VALUES ('111', '2', '236', '1', '2019-11-29 10:22:01', '2019-11-29 10:22:01');
INSERT INTO `t_coupon_member` VALUES ('112', '2', '601', '1', '2019-11-24 10:22:01', '2019-11-24 10:22:01');
INSERT INTO `t_coupon_member` VALUES ('113', '2', '381', '1', '2019-11-13 10:22:01', '2019-11-13 10:22:01');
INSERT INTO `t_coupon_member` VALUES ('114', '2', '251', '1', '2019-11-14 10:22:01', '2019-11-14 10:22:01');
INSERT INTO `t_coupon_member` VALUES ('115', '2', '927', '1', '2019-11-23 10:22:01', '2019-11-23 10:22:01');
INSERT INTO `t_coupon_member` VALUES ('116', '3', '631', '1', '2019-11-28 10:22:01', '2019-11-28 10:22:01');
INSERT INTO `t_coupon_member` VALUES ('117', '2', '29', '1', '2019-11-22 10:22:01', '2019-11-22 10:22:01');
INSERT INTO `t_coupon_member` VALUES ('118', '3', '199', '1', '2019-11-17 10:22:01', '2019-11-17 10:22:01');
INSERT INTO `t_coupon_member` VALUES ('119', '3', '413', '1', '2019-11-24 10:22:01', '2019-11-24 10:22:01');
INSERT INTO `t_coupon_member` VALUES ('120', '2', '749', '1', '2019-11-13 10:22:01', '2019-11-13 10:22:01');
INSERT INTO `t_coupon_member` VALUES ('121', '3', '763', '1', '2019-11-13 10:22:01', '2019-11-13 10:22:01');
INSERT INTO `t_coupon_member` VALUES ('122', '3', '832', '1', '2019-11-16 10:22:01', '2019-11-16 10:22:01');
INSERT INTO `t_coupon_member` VALUES ('123', '2', '41', '1', '2019-11-17 10:22:01', '2019-11-17 10:22:01');
INSERT INTO `t_coupon_member` VALUES ('124', '3', '139', '1', '2019-11-16 10:22:01', '2019-11-16 10:22:01');
INSERT INTO `t_coupon_member` VALUES ('125', '3', '725', '1', '2019-11-25 10:22:01', '2019-11-25 10:22:01');
INSERT INTO `t_coupon_member` VALUES ('126', '3', '158', '1', '2019-11-16 10:22:01', '2019-11-16 10:22:01');
INSERT INTO `t_coupon_member` VALUES ('127', '3', '142', '1', '2019-11-27 10:22:01', '2019-11-27 10:22:01');
INSERT INTO `t_coupon_member` VALUES ('128', '2', '28', '1', '2019-11-15 10:22:01', '2019-11-15 10:22:01');
INSERT INTO `t_coupon_member` VALUES ('129', '3', '762', '1', '2019-11-23 10:22:01', '2019-11-23 10:22:01');
INSERT INTO `t_coupon_member` VALUES ('130', '2', '569', '1', '2019-11-19 10:22:01', '2019-11-19 10:22:01');
INSERT INTO `t_coupon_member` VALUES ('131', '3', '5', '1', '2019-11-12 10:22:01', '2019-11-12 10:22:01');
INSERT INTO `t_coupon_member` VALUES ('132', '3', '591', '1', '2019-11-13 10:22:01', '2019-11-13 10:22:01');
INSERT INTO `t_coupon_member` VALUES ('133', '3', '357', '1', '2019-11-13 10:22:01', '2019-11-13 10:22:01');
INSERT INTO `t_coupon_member` VALUES ('134', '2', '191', '1', '2019-11-14 10:22:01', '2019-11-14 10:22:01');
INSERT INTO `t_coupon_member` VALUES ('135', '2', '429', '1', '2019-11-16 10:22:01', '2019-11-16 10:22:01');
INSERT INTO `t_coupon_member` VALUES ('136', '3', '637', '1', '2019-11-30 10:22:01', '2019-11-30 10:22:01');
INSERT INTO `t_coupon_member` VALUES ('137', '3', '17', '1', '2019-11-11 10:22:01', '2019-11-11 10:22:01');
INSERT INTO `t_coupon_member` VALUES ('138', '2', '30', '1', '2019-11-14 10:22:01', '2019-11-14 10:22:01');
INSERT INTO `t_coupon_member` VALUES ('139', '3', '897', '1', '2019-11-16 10:22:01', '2019-11-16 10:22:01');
INSERT INTO `t_coupon_member` VALUES ('140', '2', '201', '1', '2019-11-12 10:22:01', '2019-11-12 10:22:01');
INSERT INTO `t_coupon_member` VALUES ('141', '3', '6', '1', '2019-11-25 10:22:01', '2019-11-25 10:22:01');
INSERT INTO `t_coupon_member` VALUES ('142', '2', '801', '1', '2019-11-22 10:22:01', '2019-11-22 10:22:01');
INSERT INTO `t_coupon_member` VALUES ('143', '3', '799', '1', '2019-11-30 10:22:01', '2019-11-30 10:22:01');
INSERT INTO `t_coupon_member` VALUES ('144', '3', '265', '1', '2019-11-26 10:22:01', '2019-11-26 10:22:01');
INSERT INTO `t_coupon_member` VALUES ('145', '2', '621', '1', '2019-11-15 10:22:01', '2019-11-15 10:22:01');
INSERT INTO `t_coupon_member` VALUES ('146', '3', '861', '1', '2019-11-19 10:22:01', '2019-11-19 10:22:01');
INSERT INTO `t_coupon_member` VALUES ('147', '3', '152', '1', '2019-11-24 10:22:01', '2019-11-24 10:22:01');
INSERT INTO `t_coupon_member` VALUES ('148', '2', '563', '1', '2019-11-30 10:22:01', '2019-11-30 10:22:01');
INSERT INTO `t_coupon_member` VALUES ('149', '2', '615', '1', '2019-11-13 10:22:01', '2019-11-13 10:22:01');
INSERT INTO `t_coupon_member` VALUES ('150', '2', '278', '1', '2019-11-22 10:22:01', '2019-11-22 10:22:01');
INSERT INTO `t_coupon_member` VALUES ('151', '2', '715', '1', '2019-11-16 10:22:01', '2019-11-16 10:22:01');
INSERT INTO `t_coupon_member` VALUES ('152', '2', '299', '1', '2019-11-29 10:22:01', '2019-11-29 10:22:01');
INSERT INTO `t_coupon_member` VALUES ('153', '3', '177', '1', '2019-11-17 10:22:01', '2019-11-17 10:22:01');
INSERT INTO `t_coupon_member` VALUES ('154', '3', '60', '1', '2019-11-28 10:22:01', '2019-11-28 10:22:01');
INSERT INTO `t_coupon_member` VALUES ('155', '2', '263', '1', '2019-11-20 10:22:01', '2019-11-20 10:22:01');
INSERT INTO `t_coupon_member` VALUES ('156', '2', '942', '1', '2019-11-29 10:22:01', '2019-11-29 10:22:01');
INSERT INTO `t_coupon_member` VALUES ('157', '3', '998', '1', '2019-11-20 10:22:01', '2019-11-20 10:22:01');
INSERT INTO `t_coupon_member` VALUES ('158', '2', '133', '1', '2019-11-14 10:22:01', '2019-11-14 10:22:01');
INSERT INTO `t_coupon_member` VALUES ('159', '2', '321', '1', '2019-11-25 10:22:01', '2019-11-25 10:22:01');
INSERT INTO `t_coupon_member` VALUES ('160', '3', '518', '1', '2019-11-15 10:22:01', '2019-11-15 10:22:01');
INSERT INTO `t_coupon_member` VALUES ('161', '3', '19', '1', '2019-11-17 10:22:01', '2019-11-17 10:22:01');
INSERT INTO `t_coupon_member` VALUES ('162', '3', '855', '1', '2019-11-23 10:22:01', '2019-11-23 10:22:01');
INSERT INTO `t_coupon_member` VALUES ('163', '2', '191', '1', '2019-11-18 10:22:01', '2019-11-18 10:22:01');
INSERT INTO `t_coupon_member` VALUES ('164', '2', '973', '1', '2019-11-11 10:22:01', '2019-11-11 10:22:01');
INSERT INTO `t_coupon_member` VALUES ('165', '2', '634', '1', '2019-11-25 10:22:01', '2019-11-25 10:22:01');
INSERT INTO `t_coupon_member` VALUES ('166', '2', '541', '1', '2019-11-26 10:22:01', '2019-11-26 10:22:01');
INSERT INTO `t_coupon_member` VALUES ('167', '3', '975', '1', '2019-11-14 10:22:01', '2019-11-14 10:22:01');
INSERT INTO `t_coupon_member` VALUES ('168', '3', '221', '1', '2019-11-27 10:22:01', '2019-11-27 10:22:01');
INSERT INTO `t_coupon_member` VALUES ('169', '3', '78', '1', '2019-11-14 10:22:01', '2019-11-14 10:22:01');
INSERT INTO `t_coupon_member` VALUES ('170', '3', '104', '1', '2019-11-13 10:22:01', '2019-11-13 10:22:01');
INSERT INTO `t_coupon_member` VALUES ('171', '2', '9', '1', '2019-11-26 10:22:01', '2019-11-26 10:22:01');
INSERT INTO `t_coupon_member` VALUES ('172', '2', '332', '1', '2019-11-14 10:22:01', '2019-11-14 10:22:01');
INSERT INTO `t_coupon_member` VALUES ('173', '3', '934', '1', '2019-11-21 10:22:01', '2019-11-21 10:22:01');
INSERT INTO `t_coupon_member` VALUES ('174', '2', '609', '1', '2019-11-28 10:22:01', '2019-11-28 10:22:01');
INSERT INTO `t_coupon_member` VALUES ('175', '2', '485', '1', '2019-11-16 10:22:01', '2019-11-16 10:22:01');
INSERT INTO `t_coupon_member` VALUES ('176', '3', '212', '1', '2019-11-14 10:22:01', '2019-11-14 10:22:01');
INSERT INTO `t_coupon_member` VALUES ('177', '2', '307', '1', '2019-11-16 10:22:01', '2019-11-16 10:22:01');
INSERT INTO `t_coupon_member` VALUES ('178', '2', '580', '1', '2019-11-21 10:22:01', '2019-11-21 10:22:01');
INSERT INTO `t_coupon_member` VALUES ('179', '3', '400', '1', '2019-11-21 10:22:01', '2019-11-21 10:22:01');
INSERT INTO `t_coupon_member` VALUES ('180', '2', '829', '1', '2019-11-11 10:22:01', '2019-11-11 10:22:01');
INSERT INTO `t_coupon_member` VALUES ('181', '2', '431', '1', '2019-11-14 10:22:01', '2019-11-14 10:22:01');
INSERT INTO `t_coupon_member` VALUES ('182', '2', '872', '1', '2019-11-18 10:22:01', '2019-11-18 10:22:01');
INSERT INTO `t_coupon_member` VALUES ('183', '2', '688', '1', '2019-11-19 10:22:01', '2019-11-19 10:22:01');
INSERT INTO `t_coupon_member` VALUES ('184', '2', '235', '1', '2019-11-29 10:22:01', '2019-11-29 10:22:01');
INSERT INTO `t_coupon_member` VALUES ('185', '3', '242', '1', '2019-11-25 10:22:01', '2019-11-25 10:22:01');
INSERT INTO `t_coupon_member` VALUES ('186', '2', '973', '1', '2019-11-27 10:22:01', '2019-11-27 10:22:01');
INSERT INTO `t_coupon_member` VALUES ('187', '3', '525', '1', '2019-11-28 10:22:01', '2019-11-28 10:22:01');
INSERT INTO `t_coupon_member` VALUES ('188', '3', '690', '1', '2019-11-26 10:22:01', '2019-11-26 10:22:01');
INSERT INTO `t_coupon_member` VALUES ('189', '3', '954', '1', '2019-11-17 10:22:01', '2019-11-17 10:22:01');
INSERT INTO `t_coupon_member` VALUES ('190', '3', '55', '1', '2019-11-29 10:22:01', '2019-11-29 10:22:01');
INSERT INTO `t_coupon_member` VALUES ('191', '2', '522', '1', '2019-11-17 10:22:01', '2019-11-17 10:22:01');
INSERT INTO `t_coupon_member` VALUES ('192', '3', '808', '1', '2019-11-29 10:22:01', '2019-11-29 10:22:01');
INSERT INTO `t_coupon_member` VALUES ('193', '3', '357', '1', '2019-11-26 10:22:01', '2019-11-26 10:22:01');
INSERT INTO `t_coupon_member` VALUES ('194', '2', '829', '1', '2019-11-15 10:22:01', '2019-11-15 10:22:01');
INSERT INTO `t_coupon_member` VALUES ('195', '3', '914', '1', '2019-11-27 10:22:01', '2019-11-27 10:22:01');
INSERT INTO `t_coupon_member` VALUES ('196', '2', '688', '1', '2019-11-14 10:22:01', '2019-11-14 10:22:01');
INSERT INTO `t_coupon_member` VALUES ('197', '2', '272', '1', '2019-11-17 10:22:01', '2019-11-17 10:22:01');
INSERT INTO `t_coupon_member` VALUES ('198', '2', '436', '1', '2019-11-11 10:22:01', '2019-11-11 10:22:01');
INSERT INTO `t_coupon_member` VALUES ('199', '2', '143', '1', '2019-11-22 10:22:01', '2019-11-22 10:22:01');
INSERT INTO `t_coupon_member` VALUES ('200', '2', '296', '1', '2019-11-14 10:22:01', '2019-11-14 10:22:01');
INSERT INTO `t_coupon_member` VALUES ('201', '3', '813', '1', '2019-11-30 10:22:01', '2019-11-30 10:22:01');
INSERT INTO `t_coupon_member` VALUES ('202', '3', '806', '1', '2019-11-15 10:22:01', '2019-11-15 10:22:01');
INSERT INTO `t_coupon_member` VALUES ('203', '3', '192', '1', '2019-11-20 10:22:01', '2019-11-20 10:22:01');
INSERT INTO `t_coupon_member` VALUES ('204', '3', '224', '1', '2019-11-22 10:22:01', '2019-11-22 10:22:01');
INSERT INTO `t_coupon_member` VALUES ('205', '3', '987', '1', '2019-11-25 10:22:01', '2019-11-25 10:22:01');
INSERT INTO `t_coupon_member` VALUES ('206', '2', '143', '1', '2019-11-24 10:22:01', '2019-11-24 10:22:01');
INSERT INTO `t_coupon_member` VALUES ('207', '3', '768', '1', '2019-11-30 10:22:01', '2019-11-30 10:22:01');
INSERT INTO `t_coupon_member` VALUES ('208', '2', '108', '1', '2019-11-18 10:22:01', '2019-11-18 10:22:01');
INSERT INTO `t_coupon_member` VALUES ('209', '2', '686', '1', '2019-11-21 10:22:01', '2019-11-21 10:22:01');
INSERT INTO `t_coupon_member` VALUES ('210', '2', '996', '1', '2019-11-15 10:22:01', '2019-11-15 10:22:01');
INSERT INTO `t_coupon_member` VALUES ('211', '2', '690', '1', '2019-11-23 10:22:01', '2019-11-23 10:22:01');
INSERT INTO `t_coupon_member` VALUES ('212', '3', '355', '1', '2019-11-20 10:22:01', '2019-11-20 10:22:01');
INSERT INTO `t_coupon_member` VALUES ('213', '2', '858', '1', '2019-11-14 10:22:01', '2019-11-14 10:22:01');
INSERT INTO `t_coupon_member` VALUES ('214', '3', '555', '1', '2019-11-17 10:22:01', '2019-11-17 10:22:01');
INSERT INTO `t_coupon_member` VALUES ('215', '2', '356', '1', '2019-11-26 10:22:01', '2019-11-26 10:22:01');
INSERT INTO `t_coupon_member` VALUES ('216', '2', '832', '1', '2019-11-15 10:22:01', '2019-11-15 10:22:01');
INSERT INTO `t_coupon_member` VALUES ('217', '3', '406', '1', '2019-11-30 10:22:01', '2019-11-30 10:22:01');
INSERT INTO `t_coupon_member` VALUES ('218', '3', '414', '1', '2019-11-19 10:22:01', '2019-11-19 10:22:01');
INSERT INTO `t_coupon_member` VALUES ('219', '3', '604', '1', '2019-11-27 10:22:01', '2019-11-27 10:22:01');
INSERT INTO `t_coupon_member` VALUES ('220', '2', '217', '1', '2019-11-16 10:22:01', '2019-11-16 10:22:01');
INSERT INTO `t_coupon_member` VALUES ('221', '2', '837', '1', '2019-11-27 10:22:01', '2019-11-27 10:22:01');
INSERT INTO `t_coupon_member` VALUES ('222', '2', '87', '1', '2019-11-22 10:22:01', '2019-11-22 10:22:01');
INSERT INTO `t_coupon_member` VALUES ('223', '3', '303', '1', '2019-11-21 10:22:01', '2019-11-21 10:22:01');
INSERT INTO `t_coupon_member` VALUES ('224', '2', '495', '1', '2019-11-29 10:22:01', '2019-11-29 10:22:01');
INSERT INTO `t_coupon_member` VALUES ('225', '3', '832', '1', '2019-11-23 10:22:01', '2019-11-23 10:22:01');
INSERT INTO `t_coupon_member` VALUES ('226', '3', '183', '1', '2019-11-25 10:22:01', '2019-11-25 10:22:01');
INSERT INTO `t_coupon_member` VALUES ('227', '2', '110', '1', '2019-11-30 10:22:01', '2019-11-30 10:22:01');
INSERT INTO `t_coupon_member` VALUES ('228', '3', '778', '1', '2019-11-12 10:22:01', '2019-11-12 10:22:01');
INSERT INTO `t_coupon_member` VALUES ('229', '3', '415', '1', '2019-11-28 10:22:01', '2019-11-28 10:22:01');
INSERT INTO `t_coupon_member` VALUES ('230', '2', '238', '1', '2019-11-25 10:22:01', '2019-11-25 10:22:01');
INSERT INTO `t_coupon_member` VALUES ('231', '2', '379', '1', '2019-11-16 10:22:01', '2019-11-16 10:22:01');
INSERT INTO `t_coupon_member` VALUES ('232', '3', '670', '1', '2019-11-25 10:22:01', '2019-11-25 10:22:01');
INSERT INTO `t_coupon_member` VALUES ('233', '3', '425', '1', '2019-11-24 10:22:01', '2019-11-24 10:22:01');
INSERT INTO `t_coupon_member` VALUES ('234', '2', '495', '1', '2019-11-19 10:22:01', '2019-11-19 10:22:01');
INSERT INTO `t_coupon_member` VALUES ('235', '3', '826', '1', '2019-11-25 10:22:01', '2019-11-25 10:22:01');
INSERT INTO `t_coupon_member` VALUES ('236', '3', '368', '1', '2019-11-20 10:22:01', '2019-11-20 10:22:01');
INSERT INTO `t_coupon_member` VALUES ('237', '3', '724', '1', '2019-11-22 10:22:01', '2019-11-22 10:22:01');
INSERT INTO `t_coupon_member` VALUES ('238', '2', '560', '1', '2019-11-14 10:22:01', '2019-11-14 10:22:01');
INSERT INTO `t_coupon_member` VALUES ('239', '3', '32', '1', '2019-11-13 10:22:01', '2019-11-13 10:22:01');
INSERT INTO `t_coupon_member` VALUES ('240', '3', '642', '1', '2019-11-24 10:22:01', '2019-11-24 10:22:01');
INSERT INTO `t_coupon_member` VALUES ('241', '3', '200', '1', '2019-11-14 10:22:01', '2019-11-14 10:22:01');
INSERT INTO `t_coupon_member` VALUES ('242', '2', '481', '1', '2019-11-24 10:22:01', '2019-11-24 10:22:01');
INSERT INTO `t_coupon_member` VALUES ('243', '3', '44', '1', '2019-11-14 10:22:01', '2019-11-14 10:22:01');
INSERT INTO `t_coupon_member` VALUES ('244', '2', '849', '1', '2019-11-13 10:22:01', '2019-11-13 10:22:01');
INSERT INTO `t_coupon_member` VALUES ('245', '3', '260', '1', '2019-11-26 10:22:01', '2019-11-26 10:22:01');
INSERT INTO `t_coupon_member` VALUES ('246', '3', '300', '1', '2019-11-22 10:22:01', '2019-11-22 10:22:01');
INSERT INTO `t_coupon_member` VALUES ('247', '3', '692', '1', '2019-11-27 10:22:01', '2019-11-27 10:22:01');
INSERT INTO `t_coupon_member` VALUES ('248', '3', '793', '1', '2019-11-28 10:22:01', '2019-11-28 10:22:01');
INSERT INTO `t_coupon_member` VALUES ('249', '2', '169', '1', '2019-11-30 10:22:01', '2019-11-30 10:22:01');
INSERT INTO `t_coupon_member` VALUES ('250', '3', '145', '1', '2019-11-23 10:22:01', '2019-11-23 10:22:01');
INSERT INTO `t_coupon_member` VALUES ('251', '2', '339', '1', '2019-11-16 10:22:01', '2019-11-16 10:22:01');
INSERT INTO `t_coupon_member` VALUES ('252', '3', '924', '1', '2019-11-12 10:22:01', '2019-11-12 10:22:01');
INSERT INTO `t_coupon_member` VALUES ('253', '2', '55', '1', '2019-11-27 10:22:01', '2019-11-27 10:22:01');
INSERT INTO `t_coupon_member` VALUES ('254', '3', '717', '1', '2019-11-14 10:22:01', '2019-11-14 10:22:01');
INSERT INTO `t_coupon_member` VALUES ('255', '2', '164', '1', '2019-11-24 10:22:01', '2019-11-24 10:22:01');
INSERT INTO `t_coupon_member` VALUES ('256', '3', '176', '1', '2019-11-12 10:22:01', '2019-11-12 10:22:01');
INSERT INTO `t_coupon_member` VALUES ('257', '3', '931', '1', '2019-11-13 10:22:01', '2019-11-13 10:22:01');
INSERT INTO `t_coupon_member` VALUES ('258', '2', '407', '1', '2019-11-15 10:22:01', '2019-11-15 10:22:01');
INSERT INTO `t_coupon_member` VALUES ('259', '3', '260', '1', '2019-11-17 10:22:01', '2019-11-17 10:22:01');
INSERT INTO `t_coupon_member` VALUES ('260', '3', '361', '1', '2019-11-18 10:22:01', '2019-11-18 10:22:01');
INSERT INTO `t_coupon_member` VALUES ('261', '2', '335', '1', '2019-11-25 10:22:01', '2019-11-25 10:22:01');
INSERT INTO `t_coupon_member` VALUES ('262', '3', '71', '1', '2019-11-17 10:22:01', '2019-11-17 10:22:01');
INSERT INTO `t_coupon_member` VALUES ('263', '2', '291', '1', '2019-11-19 10:22:01', '2019-11-19 10:22:01');
INSERT INTO `t_coupon_member` VALUES ('264', '2', '663', '1', '2019-11-23 10:22:01', '2019-11-23 10:22:01');
INSERT INTO `t_coupon_member` VALUES ('265', '2', '100', '1', '2019-11-24 10:22:01', '2019-11-24 10:22:01');
INSERT INTO `t_coupon_member` VALUES ('266', '2', '807', '1', '2019-11-29 10:22:01', '2019-11-29 10:22:01');
INSERT INTO `t_coupon_member` VALUES ('267', '2', '808', '1', '2019-11-26 10:22:01', '2019-11-26 10:22:01');
INSERT INTO `t_coupon_member` VALUES ('268', '3', '56', '1', '2019-11-25 10:22:01', '2019-11-25 10:22:01');
INSERT INTO `t_coupon_member` VALUES ('269', '2', '200', '1', '2019-11-28 10:22:01', '2019-11-28 10:22:01');
INSERT INTO `t_coupon_member` VALUES ('270', '2', '869', '1', '2019-11-25 10:22:01', '2019-11-25 10:22:01');
INSERT INTO `t_coupon_member` VALUES ('271', '3', '724', '1', '2019-11-17 10:22:01', '2019-11-17 10:22:01');
INSERT INTO `t_coupon_member` VALUES ('272', '3', '645', '1', '2019-11-12 10:22:01', '2019-11-12 10:22:01');
INSERT INTO `t_coupon_member` VALUES ('273', '3', '710', '1', '2019-11-29 10:22:01', '2019-11-29 10:22:01');
INSERT INTO `t_coupon_member` VALUES ('274', '2', '504', '1', '2019-11-17 10:22:01', '2019-11-17 10:22:01');
INSERT INTO `t_coupon_member` VALUES ('275', '3', '528', '1', '2019-11-18 10:22:01', '2019-11-18 10:22:01');
INSERT INTO `t_coupon_member` VALUES ('276', '3', '968', '1', '2019-11-13 10:22:01', '2019-11-13 10:22:01');
INSERT INTO `t_coupon_member` VALUES ('277', '2', '201', '1', '2019-11-15 10:22:01', '2019-11-15 10:22:01');
INSERT INTO `t_coupon_member` VALUES ('278', '2', '906', '1', '2019-11-20 10:22:01', '2019-11-20 10:22:01');
INSERT INTO `t_coupon_member` VALUES ('279', '3', '18', '1', '2019-11-12 10:22:01', '2019-11-12 10:22:01');
INSERT INTO `t_coupon_member` VALUES ('280', '3', '584', '1', '2019-11-17 10:22:01', '2019-11-17 10:22:01');
INSERT INTO `t_coupon_member` VALUES ('281', '2', '117', '1', '2019-11-26 10:22:01', '2019-11-26 10:22:01');
INSERT INTO `t_coupon_member` VALUES ('282', '2', '737', '1', '2019-11-11 10:22:01', '2019-11-11 10:22:01');
INSERT INTO `t_coupon_member` VALUES ('283', '3', '829', '1', '2019-11-17 10:22:01', '2019-11-17 10:22:01');
INSERT INTO `t_coupon_member` VALUES ('284', '2', '70', '1', '2019-11-14 10:22:01', '2019-11-14 10:22:01');
INSERT INTO `t_coupon_member` VALUES ('285', '3', '855', '1', '2019-11-16 10:22:01', '2019-11-16 10:22:01');
INSERT INTO `t_coupon_member` VALUES ('286', '3', '816', '1', '2019-11-28 10:22:01', '2019-11-28 10:22:01');
INSERT INTO `t_coupon_member` VALUES ('287', '2', '443', '1', '2019-11-14 10:22:01', '2019-11-14 10:22:01');
INSERT INTO `t_coupon_member` VALUES ('288', '2', '825', '1', '2019-11-20 10:22:01', '2019-11-20 10:22:01');
INSERT INTO `t_coupon_member` VALUES ('289', '2', '390', '1', '2019-11-11 10:22:01', '2019-11-11 10:22:01');
INSERT INTO `t_coupon_member` VALUES ('290', '2', '855', '1', '2019-11-16 10:22:01', '2019-11-16 10:22:01');
INSERT INTO `t_coupon_member` VALUES ('291', '3', '439', '1', '2019-11-22 10:22:01', '2019-11-22 10:22:01');
INSERT INTO `t_coupon_member` VALUES ('292', '2', '948', '1', '2019-11-24 10:22:01', '2019-11-24 10:22:01');
INSERT INTO `t_coupon_member` VALUES ('293', '2', '163', '1', '2019-11-26 10:22:01', '2019-11-26 10:22:01');
INSERT INTO `t_coupon_member` VALUES ('294', '2', '190', '1', '2019-11-17 10:22:01', '2019-11-17 10:22:01');
INSERT INTO `t_coupon_member` VALUES ('295', '3', '608', '1', '2019-11-22 10:22:01', '2019-11-22 10:22:01');
INSERT INTO `t_coupon_member` VALUES ('296', '3', '117', '1', '2019-11-15 10:22:01', '2019-11-15 10:22:01');
INSERT INTO `t_coupon_member` VALUES ('297', '3', '507', '1', '2019-11-26 10:22:01', '2019-11-26 10:22:01');
INSERT INTO `t_coupon_member` VALUES ('298', '3', '270', '1', '2019-11-24 10:22:01', '2019-11-24 10:22:01');
INSERT INTO `t_coupon_member` VALUES ('299', '2', '394', '1', '2019-11-12 10:22:01', '2019-11-12 10:22:01');
INSERT INTO `t_coupon_member` VALUES ('300', '2', '1000', '1', '2019-11-23 10:22:01', '2019-11-23 10:22:01');
INSERT INTO `t_coupon_member` VALUES ('301', '2', '862', '1', '2019-11-22 10:22:01', '2019-11-22 10:22:01');
INSERT INTO `t_coupon_member` VALUES ('302', '3', '853', '1', '2019-11-16 10:22:01', '2019-11-16 10:22:01');
INSERT INTO `t_coupon_member` VALUES ('303', '3', '326', '1', '2019-11-22 10:22:01', '2019-11-22 10:22:01');
INSERT INTO `t_coupon_member` VALUES ('304', '2', '759', '1', '2019-11-11 10:22:01', '2019-11-11 10:22:01');
INSERT INTO `t_coupon_member` VALUES ('305', '2', '953', '1', '2019-11-25 10:22:01', '2019-11-25 10:22:01');
INSERT INTO `t_coupon_member` VALUES ('306', '3', '89', '1', '2019-11-23 10:22:01', '2019-11-23 10:22:01');
INSERT INTO `t_coupon_member` VALUES ('307', '3', '489', '1', '2019-11-14 10:22:01', '2019-11-14 10:22:01');
INSERT INTO `t_coupon_member` VALUES ('308', '2', '497', '1', '2019-11-28 10:22:01', '2019-11-28 10:22:01');
INSERT INTO `t_coupon_member` VALUES ('309', '2', '945', '1', '2019-11-12 10:22:01', '2019-11-12 10:22:01');
INSERT INTO `t_coupon_member` VALUES ('310', '3', '41', '1', '2019-11-20 10:22:01', '2019-11-20 10:22:01');
INSERT INTO `t_coupon_member` VALUES ('311', '3', '731', '1', '2019-11-27 10:22:01', '2019-11-27 10:22:01');
INSERT INTO `t_coupon_member` VALUES ('312', '3', '636', '1', '2019-11-27 10:22:01', '2019-11-27 10:22:01');
INSERT INTO `t_coupon_member` VALUES ('313', '3', '322', '1', '2019-11-18 10:22:01', '2019-11-18 10:22:01');
INSERT INTO `t_coupon_member` VALUES ('314', '3', '98', '1', '2019-11-24 10:22:01', '2019-11-24 10:22:01');
INSERT INTO `t_coupon_member` VALUES ('315', '2', '115', '1', '2019-11-17 10:22:01', '2019-11-17 10:22:01');
INSERT INTO `t_coupon_member` VALUES ('316', '2', '726', '1', '2019-11-15 10:22:01', '2019-11-15 10:22:01');
INSERT INTO `t_coupon_member` VALUES ('317', '3', '604', '1', '2019-11-25 10:22:01', '2019-11-25 10:22:01');
INSERT INTO `t_coupon_member` VALUES ('318', '3', '676', '1', '2019-11-28 10:22:01', '2019-11-28 10:22:01');
INSERT INTO `t_coupon_member` VALUES ('319', '2', '394', '1', '2019-11-25 10:22:01', '2019-11-25 10:22:01');
INSERT INTO `t_coupon_member` VALUES ('320', '3', '866', '1', '2019-11-26 10:22:01', '2019-11-26 10:22:01');
INSERT INTO `t_coupon_member` VALUES ('321', '3', '354', '1', '2019-11-24 10:22:01', '2019-11-24 10:22:01');
INSERT INTO `t_coupon_member` VALUES ('322', '2', '752', '1', '2019-11-26 10:22:01', '2019-11-26 10:22:01');
INSERT INTO `t_coupon_member` VALUES ('323', '3', '73', '1', '2019-11-16 10:22:01', '2019-11-16 10:22:01');
INSERT INTO `t_coupon_member` VALUES ('324', '2', '997', '1', '2019-11-27 10:22:01', '2019-11-27 10:22:01');
INSERT INTO `t_coupon_member` VALUES ('325', '3', '91', '1', '2019-11-23 10:22:01', '2019-11-23 10:22:01');
INSERT INTO `t_coupon_member` VALUES ('326', '2', '393', '1', '2019-11-12 10:22:01', '2019-11-12 10:22:01');
INSERT INTO `t_coupon_member` VALUES ('327', '2', '323', '1', '2019-11-13 10:22:01', '2019-11-13 10:22:01');
INSERT INTO `t_coupon_member` VALUES ('328', '2', '672', '1', '2019-11-21 10:22:01', '2019-11-21 10:22:01');
INSERT INTO `t_coupon_member` VALUES ('329', '2', '139', '1', '2019-11-12 10:22:01', '2019-11-12 10:22:01');
INSERT INTO `t_coupon_member` VALUES ('330', '2', '793', '1', '2019-11-18 10:22:01', '2019-11-18 10:22:01');
INSERT INTO `t_coupon_member` VALUES ('331', '2', '555', '1', '2019-11-14 10:22:01', '2019-11-14 10:22:01');
INSERT INTO `t_coupon_member` VALUES ('332', '3', '520', '1', '2019-11-13 10:22:01', '2019-11-13 10:22:01');
INSERT INTO `t_coupon_member` VALUES ('333', '2', '185', '1', '2019-11-17 10:22:01', '2019-11-17 10:22:01');
INSERT INTO `t_coupon_member` VALUES ('334', '2', '280', '1', '2019-11-30 10:22:01', '2019-11-30 10:22:01');
INSERT INTO `t_coupon_member` VALUES ('335', '3', '626', '1', '2019-11-26 10:22:01', '2019-11-26 10:22:01');
INSERT INTO `t_coupon_member` VALUES ('336', '3', '12', '1', '2019-11-30 10:22:01', '2019-11-30 10:22:01');
INSERT INTO `t_coupon_member` VALUES ('337', '3', '141', '1', '2019-11-27 10:22:01', '2019-11-27 10:22:01');
INSERT INTO `t_coupon_member` VALUES ('338', '2', '411', '1', '2019-11-15 10:22:01', '2019-11-15 10:22:01');
INSERT INTO `t_coupon_member` VALUES ('339', '2', '584', '1', '2019-11-23 10:22:01', '2019-11-23 10:22:01');
INSERT INTO `t_coupon_member` VALUES ('340', '3', '50', '1', '2019-11-22 10:22:01', '2019-11-22 10:22:01');
INSERT INTO `t_coupon_member` VALUES ('341', '3', '458', '1', '2019-11-23 10:22:01', '2019-11-23 10:22:01');
INSERT INTO `t_coupon_member` VALUES ('342', '3', '42', '1', '2019-11-30 10:22:01', '2019-11-30 10:22:01');
INSERT INTO `t_coupon_member` VALUES ('343', '2', '703', '1', '2019-11-29 10:22:01', '2019-11-29 10:22:01');
INSERT INTO `t_coupon_member` VALUES ('344', '3', '355', '1', '2019-11-28 10:22:01', '2019-11-28 10:22:01');
INSERT INTO `t_coupon_member` VALUES ('345', '2', '133', '1', '2019-11-21 10:22:01', '2019-11-21 10:22:01');
INSERT INTO `t_coupon_member` VALUES ('346', '2', '762', '1', '2019-11-26 10:22:01', '2019-11-26 10:22:01');
INSERT INTO `t_coupon_member` VALUES ('347', '3', '171', '1', '2019-11-17 10:22:01', '2019-11-17 10:22:01');
INSERT INTO `t_coupon_member` VALUES ('348', '2', '852', '1', '2019-11-23 10:22:01', '2019-11-23 10:22:01');
INSERT INTO `t_coupon_member` VALUES ('349', '3', '189', '1', '2019-11-14 10:22:01', '2019-11-14 10:22:01');
INSERT INTO `t_coupon_member` VALUES ('350', '2', '432', '1', '2019-11-13 10:22:01', '2019-11-13 10:22:01');
INSERT INTO `t_coupon_member` VALUES ('351', '2', '74', '1', '2019-11-22 10:22:01', '2019-11-22 10:22:01');
INSERT INTO `t_coupon_member` VALUES ('352', '3', '455', '1', '2019-11-16 10:22:01', '2019-11-16 10:22:01');
INSERT INTO `t_coupon_member` VALUES ('353', '2', '435', '1', '2019-11-24 10:22:01', '2019-11-24 10:22:01');
INSERT INTO `t_coupon_member` VALUES ('354', '2', '890', '1', '2019-11-13 10:22:01', '2019-11-13 10:22:01');
INSERT INTO `t_coupon_member` VALUES ('355', '2', '81', '1', '2019-11-26 10:22:01', '2019-11-26 10:22:01');
INSERT INTO `t_coupon_member` VALUES ('356', '3', '41', '1', '2019-11-28 10:22:01', '2019-11-28 10:22:01');
INSERT INTO `t_coupon_member` VALUES ('357', '3', '924', '1', '2019-11-30 10:22:01', '2019-11-30 10:22:01');
INSERT INTO `t_coupon_member` VALUES ('358', '3', '630', '1', '2019-11-14 10:22:01', '2019-11-14 10:22:01');
INSERT INTO `t_coupon_member` VALUES ('359', '3', '722', '1', '2019-11-16 10:22:01', '2019-11-16 10:22:01');
INSERT INTO `t_coupon_member` VALUES ('360', '3', '458', '1', '2019-11-26 10:22:01', '2019-11-26 10:22:01');
INSERT INTO `t_coupon_member` VALUES ('361', '2', '947', '1', '2019-11-26 10:22:01', '2019-11-26 10:22:01');
INSERT INTO `t_coupon_member` VALUES ('362', '3', '544', '1', '2019-11-29 10:22:01', '2019-11-29 10:22:01');
INSERT INTO `t_coupon_member` VALUES ('363', '3', '239', '1', '2019-11-30 10:22:01', '2019-11-30 10:22:01');
INSERT INTO `t_coupon_member` VALUES ('364', '3', '609', '1', '2019-11-22 10:22:01', '2019-11-22 10:22:01');
INSERT INTO `t_coupon_member` VALUES ('365', '2', '176', '1', '2019-11-18 10:22:01', '2019-11-18 10:22:01');
INSERT INTO `t_coupon_member` VALUES ('366', '3', '718', '1', '2019-11-26 10:22:01', '2019-11-26 10:22:01');
INSERT INTO `t_coupon_member` VALUES ('367', '2', '39', '1', '2019-11-25 10:22:01', '2019-11-25 10:22:01');
INSERT INTO `t_coupon_member` VALUES ('368', '2', '327', '1', '2019-11-26 10:22:01', '2019-11-26 10:22:01');
INSERT INTO `t_coupon_member` VALUES ('369', '3', '534', '1', '2019-11-26 10:22:01', '2019-11-26 10:22:01');
INSERT INTO `t_coupon_member` VALUES ('370', '3', '132', '1', '2019-11-19 10:22:01', '2019-11-19 10:22:01');
INSERT INTO `t_coupon_member` VALUES ('371', '2', '142', '1', '2019-11-25 10:22:01', '2019-11-25 10:22:01');
INSERT INTO `t_coupon_member` VALUES ('372', '2', '631', '1', '2019-11-23 10:22:01', '2019-11-23 10:22:01');
INSERT INTO `t_coupon_member` VALUES ('373', '2', '548', '1', '2019-11-20 10:22:01', '2019-11-20 10:22:01');
INSERT INTO `t_coupon_member` VALUES ('374', '2', '915', '1', '2019-11-19 10:22:01', '2019-11-19 10:22:01');
INSERT INTO `t_coupon_member` VALUES ('375', '3', '520', '1', '2019-11-24 10:22:01', '2019-11-24 10:22:01');
INSERT INTO `t_coupon_member` VALUES ('376', '2', '937', '1', '2019-11-27 10:22:01', '2019-11-27 10:22:01');
INSERT INTO `t_coupon_member` VALUES ('377', '2', '116', '1', '2019-11-14 10:22:01', '2019-11-14 10:22:01');
INSERT INTO `t_coupon_member` VALUES ('378', '3', '373', '1', '2019-11-29 10:22:01', '2019-11-29 10:22:01');
INSERT INTO `t_coupon_member` VALUES ('379', '2', '207', '1', '2019-11-30 10:22:01', '2019-11-30 10:22:01');
INSERT INTO `t_coupon_member` VALUES ('380', '3', '710', '1', '2019-11-11 10:22:01', '2019-11-11 10:22:01');
INSERT INTO `t_coupon_member` VALUES ('381', '3', '481', '1', '2019-11-27 10:22:01', '2019-11-27 10:22:01');
INSERT INTO `t_coupon_member` VALUES ('382', '2', '710', '1', '2019-11-12 10:22:01', '2019-11-12 10:22:01');
INSERT INTO `t_coupon_member` VALUES ('383', '2', '503', '1', '2019-11-11 10:22:01', '2019-11-11 10:22:01');
INSERT INTO `t_coupon_member` VALUES ('384', '3', '180', '1', '2019-11-24 10:22:01', '2019-11-24 10:22:01');
INSERT INTO `t_coupon_member` VALUES ('385', '3', '357', '1', '2019-11-18 10:22:01', '2019-11-18 10:22:01');
INSERT INTO `t_coupon_member` VALUES ('386', '2', '592', '1', '2019-11-28 10:22:01', '2019-11-28 10:22:01');
INSERT INTO `t_coupon_member` VALUES ('387', '3', '501', '1', '2019-11-13 10:22:01', '2019-11-13 10:22:01');
INSERT INTO `t_coupon_member` VALUES ('388', '3', '793', '1', '2019-11-17 10:22:01', '2019-11-17 10:22:01');
INSERT INTO `t_coupon_member` VALUES ('389', '2', '32', '1', '2019-11-21 10:22:01', '2019-11-21 10:22:01');
INSERT INTO `t_coupon_member` VALUES ('390', '3', '604', '1', '2019-11-29 10:22:01', '2019-11-29 10:22:01');
INSERT INTO `t_coupon_member` VALUES ('391', '3', '675', '1', '2019-11-15 10:22:01', '2019-11-15 10:22:01');
INSERT INTO `t_coupon_member` VALUES ('392', '3', '222', '1', '2019-11-20 10:22:01', '2019-11-20 10:22:01');
INSERT INTO `t_coupon_member` VALUES ('393', '2', '566', '1', '2019-11-24 10:22:01', '2019-11-24 10:22:01');
INSERT INTO `t_coupon_member` VALUES ('394', '3', '116', '1', '2019-11-11 10:22:01', '2019-11-11 10:22:01');
INSERT INTO `t_coupon_member` VALUES ('395', '2', '106', '1', '2019-11-27 10:22:01', '2019-11-27 10:22:01');
INSERT INTO `t_coupon_member` VALUES ('396', '2', '16', '1', '2019-11-15 10:22:01', '2019-11-15 10:22:01');
INSERT INTO `t_coupon_member` VALUES ('397', '2', '856', '1', '2019-11-11 10:22:01', '2019-11-11 10:22:01');
INSERT INTO `t_coupon_member` VALUES ('398', '3', '893', '1', '2019-11-16 10:22:01', '2019-11-16 10:22:01');
INSERT INTO `t_coupon_member` VALUES ('399', '3', '780', '1', '2019-11-30 10:22:01', '2019-11-30 10:22:01');
INSERT INTO `t_coupon_member` VALUES ('400', '3', '723', '1', '2019-11-23 10:22:01', '2019-11-23 10:22:01');
INSERT INTO `t_coupon_member` VALUES ('401', '2', '308', '1', '2019-11-30 10:22:01', '2019-11-30 10:22:01');
INSERT INTO `t_coupon_member` VALUES ('402', '2', '81', '1', '2019-11-21 10:22:01', '2019-11-21 10:22:01');
INSERT INTO `t_coupon_member` VALUES ('403', '2', '263', '1', '2019-11-26 10:22:01', '2019-11-26 10:22:01');
INSERT INTO `t_coupon_member` VALUES ('404', '3', '381', '1', '2019-11-22 10:22:01', '2019-11-22 10:22:01');
INSERT INTO `t_coupon_member` VALUES ('405', '3', '465', '1', '2019-11-26 10:22:01', '2019-11-26 10:22:01');
INSERT INTO `t_coupon_member` VALUES ('406', '2', '212', '1', '2019-11-28 10:22:01', '2019-11-28 10:22:01');
INSERT INTO `t_coupon_member` VALUES ('407', '2', '97', '1', '2019-11-22 10:22:01', '2019-11-22 10:22:01');
INSERT INTO `t_coupon_member` VALUES ('408', '3', '887', '1', '2019-11-29 10:22:01', '2019-11-29 10:22:01');
INSERT INTO `t_coupon_member` VALUES ('409', '3', '170', '1', '2019-11-19 10:22:01', '2019-11-19 10:22:01');
INSERT INTO `t_coupon_member` VALUES ('410', '2', '370', '1', '2019-11-20 10:22:01', '2019-11-20 10:22:01');
INSERT INTO `t_coupon_member` VALUES ('411', '2', '162', '1', '2019-11-13 10:22:01', '2019-11-13 10:22:01');
INSERT INTO `t_coupon_member` VALUES ('412', '2', '346', '1', '2019-11-18 10:22:01', '2019-11-18 10:22:01');
INSERT INTO `t_coupon_member` VALUES ('413', '3', '217', '1', '2019-11-29 10:22:01', '2019-11-29 10:22:01');
INSERT INTO `t_coupon_member` VALUES ('414', '2', '856', '1', '2019-11-20 10:22:01', '2019-11-20 10:22:01');
INSERT INTO `t_coupon_member` VALUES ('415', '3', '369', '1', '2019-11-18 10:22:01', '2019-11-18 10:22:01');
INSERT INTO `t_coupon_member` VALUES ('416', '2', '84', '1', '2019-11-16 10:22:01', '2019-11-16 10:22:01');
INSERT INTO `t_coupon_member` VALUES ('417', '2', '325', '1', '2019-11-26 10:22:01', '2019-11-26 10:22:01');
INSERT INTO `t_coupon_member` VALUES ('418', '3', '245', '1', '2019-11-13 10:22:01', '2019-11-13 10:22:01');
INSERT INTO `t_coupon_member` VALUES ('419', '3', '801', '1', '2019-11-16 10:22:01', '2019-11-16 10:22:01');
INSERT INTO `t_coupon_member` VALUES ('420', '2', '285', '1', '2019-11-18 10:22:01', '2019-11-18 10:22:01');
INSERT INTO `t_coupon_member` VALUES ('421', '2', '858', '1', '2019-11-21 10:22:01', '2019-11-21 10:22:01');
INSERT INTO `t_coupon_member` VALUES ('422', '3', '341', '1', '2019-11-13 10:22:01', '2019-11-13 10:22:01');
INSERT INTO `t_coupon_member` VALUES ('423', '3', '946', '1', '2019-11-23 10:22:01', '2019-11-23 10:22:01');
INSERT INTO `t_coupon_member` VALUES ('424', '2', '422', '1', '2019-11-18 10:22:01', '2019-11-18 10:22:01');
INSERT INTO `t_coupon_member` VALUES ('425', '2', '768', '1', '2019-11-27 10:22:01', '2019-11-27 10:22:01');
INSERT INTO `t_coupon_member` VALUES ('426', '2', '266', '1', '2019-11-16 10:22:01', '2019-11-16 10:22:01');
INSERT INTO `t_coupon_member` VALUES ('427', '2', '27', '1', '2019-11-16 10:22:01', '2019-11-16 10:22:01');
INSERT INTO `t_coupon_member` VALUES ('428', '2', '618', '1', '2019-11-27 10:22:01', '2019-11-27 10:22:01');
INSERT INTO `t_coupon_member` VALUES ('429', '2', '420', '1', '2019-11-19 10:22:01', '2019-11-19 10:22:01');
INSERT INTO `t_coupon_member` VALUES ('430', '3', '130', '1', '2019-11-12 10:22:01', '2019-11-12 10:22:01');
INSERT INTO `t_coupon_member` VALUES ('431', '3', '548', '1', '2019-11-28 10:22:01', '2019-11-28 10:22:01');
INSERT INTO `t_coupon_member` VALUES ('432', '2', '518', '1', '2019-11-21 10:22:01', '2019-11-21 10:22:01');
INSERT INTO `t_coupon_member` VALUES ('433', '3', '875', '1', '2019-11-12 10:22:01', '2019-11-12 10:22:01');
INSERT INTO `t_coupon_member` VALUES ('434', '3', '143', '1', '2019-11-20 10:22:01', '2019-11-20 10:22:01');
INSERT INTO `t_coupon_member` VALUES ('435', '3', '582', '1', '2019-11-24 10:22:01', '2019-11-24 10:22:01');
INSERT INTO `t_coupon_member` VALUES ('436', '2', '55', '1', '2019-11-18 10:22:01', '2019-11-18 10:22:01');
INSERT INTO `t_coupon_member` VALUES ('437', '3', '851', '1', '2019-11-15 10:22:01', '2019-11-15 10:22:01');
INSERT INTO `t_coupon_member` VALUES ('438', '2', '596', '1', '2019-11-30 10:22:01', '2019-11-30 10:22:01');
INSERT INTO `t_coupon_member` VALUES ('439', '3', '51', '1', '2019-11-25 10:22:01', '2019-11-25 10:22:01');
INSERT INTO `t_coupon_member` VALUES ('440', '2', '865', '1', '2019-11-12 10:22:01', '2019-11-12 10:22:01');
INSERT INTO `t_coupon_member` VALUES ('441', '3', '721', '1', '2019-11-11 10:22:01', '2019-11-11 10:22:01');
INSERT INTO `t_coupon_member` VALUES ('442', '3', '16', '1', '2019-11-28 10:22:01', '2019-11-28 10:22:01');
INSERT INTO `t_coupon_member` VALUES ('443', '3', '574', '1', '2019-11-28 10:22:01', '2019-11-28 10:22:01');
INSERT INTO `t_coupon_member` VALUES ('444', '2', '920', '1', '2019-11-11 10:22:01', '2019-11-11 10:22:01');
INSERT INTO `t_coupon_member` VALUES ('445', '3', '697', '1', '2019-11-16 10:22:01', '2019-11-16 10:22:01');
INSERT INTO `t_coupon_member` VALUES ('446', '2', '672', '1', '2019-11-13 10:22:01', '2019-11-13 10:22:01');
INSERT INTO `t_coupon_member` VALUES ('447', '2', '734', '1', '2019-11-27 10:22:01', '2019-11-27 10:22:01');
INSERT INTO `t_coupon_member` VALUES ('448', '2', '163', '1', '2019-11-28 10:22:01', '2019-11-28 10:22:01');
INSERT INTO `t_coupon_member` VALUES ('449', '2', '940', '1', '2019-11-17 10:22:01', '2019-11-17 10:22:01');
INSERT INTO `t_coupon_member` VALUES ('450', '3', '773', '1', '2019-11-19 10:22:01', '2019-11-19 10:22:01');
INSERT INTO `t_coupon_member` VALUES ('451', '2', '250', '1', '2019-11-28 10:22:01', '2019-11-28 10:22:01');
INSERT INTO `t_coupon_member` VALUES ('452', '2', '73', '1', '2019-11-11 10:22:01', '2019-11-11 10:22:01');
INSERT INTO `t_coupon_member` VALUES ('453', '3', '173', '1', '2019-11-17 10:22:01', '2019-11-17 10:22:01');
INSERT INTO `t_coupon_member` VALUES ('454', '3', '608', '1', '2019-11-12 10:22:01', '2019-11-12 10:22:01');
INSERT INTO `t_coupon_member` VALUES ('455', '2', '875', '1', '2019-11-23 10:22:01', '2019-11-23 10:22:01');
INSERT INTO `t_coupon_member` VALUES ('456', '2', '401', '1', '2019-11-13 10:22:01', '2019-11-13 10:22:01');
INSERT INTO `t_coupon_member` VALUES ('457', '2', '530', '1', '2019-11-21 10:22:01', '2019-11-21 10:22:01');
INSERT INTO `t_coupon_member` VALUES ('458', '3', '541', '1', '2019-11-18 10:22:01', '2019-11-18 10:22:01');
INSERT INTO `t_coupon_member` VALUES ('459', '3', '982', '1', '2019-11-16 10:22:01', '2019-11-16 10:22:01');
INSERT INTO `t_coupon_member` VALUES ('460', '3', '996', '1', '2019-11-11 10:22:01', '2019-11-11 10:22:01');
INSERT INTO `t_coupon_member` VALUES ('461', '2', '168', '1', '2019-11-20 10:22:01', '2019-11-20 10:22:01');
INSERT INTO `t_coupon_member` VALUES ('462', '2', '706', '1', '2019-11-26 10:22:01', '2019-11-26 10:22:01');
INSERT INTO `t_coupon_member` VALUES ('463', '3', '249', '1', '2019-11-21 10:22:01', '2019-11-21 10:22:01');
INSERT INTO `t_coupon_member` VALUES ('464', '3', '485', '1', '2019-11-19 10:22:01', '2019-11-19 10:22:01');
INSERT INTO `t_coupon_member` VALUES ('465', '2', '899', '1', '2019-11-14 10:22:01', '2019-11-14 10:22:01');
INSERT INTO `t_coupon_member` VALUES ('466', '3', '957', '1', '2019-11-29 10:22:01', '2019-11-29 10:22:01');
INSERT INTO `t_coupon_member` VALUES ('467', '3', '433', '1', '2019-11-23 10:22:01', '2019-11-23 10:22:01');
INSERT INTO `t_coupon_member` VALUES ('468', '3', '583', '1', '2019-11-19 10:22:01', '2019-11-19 10:22:01');
INSERT INTO `t_coupon_member` VALUES ('469', '2', '328', '1', '2019-11-28 10:22:01', '2019-11-28 10:22:01');
INSERT INTO `t_coupon_member` VALUES ('470', '2', '495', '1', '2019-11-24 10:22:01', '2019-11-24 10:22:01');
INSERT INTO `t_coupon_member` VALUES ('471', '3', '218', '1', '2019-11-19 10:22:01', '2019-11-19 10:22:01');
INSERT INTO `t_coupon_member` VALUES ('472', '3', '960', '1', '2019-11-15 10:22:01', '2019-11-15 10:22:01');
INSERT INTO `t_coupon_member` VALUES ('473', '2', '189', '1', '2019-11-29 10:22:01', '2019-11-29 10:22:01');
INSERT INTO `t_coupon_member` VALUES ('474', '2', '237', '1', '2019-11-12 10:22:01', '2019-11-12 10:22:01');
INSERT INTO `t_coupon_member` VALUES ('475', '3', '896', '1', '2019-11-27 10:22:01', '2019-11-27 10:22:01');
INSERT INTO `t_coupon_member` VALUES ('476', '2', '645', '1', '2019-11-16 10:22:01', '2019-11-16 10:22:01');
INSERT INTO `t_coupon_member` VALUES ('477', '3', '736', '1', '2019-11-11 10:22:01', '2019-11-11 10:22:01');
INSERT INTO `t_coupon_member` VALUES ('478', '2', '604', '1', '2019-11-21 10:22:01', '2019-11-21 10:22:01');
INSERT INTO `t_coupon_member` VALUES ('479', '3', '689', '1', '2019-11-21 10:22:01', '2019-11-21 10:22:01');
INSERT INTO `t_coupon_member` VALUES ('480', '2', '410', '1', '2019-11-21 10:22:01', '2019-11-21 10:22:01');
INSERT INTO `t_coupon_member` VALUES ('481', '3', '549', '1', '2019-11-24 10:22:01', '2019-11-24 10:22:01');
INSERT INTO `t_coupon_member` VALUES ('482', '2', '335', '1', '2019-11-15 10:22:01', '2019-11-15 10:22:01');
INSERT INTO `t_coupon_member` VALUES ('483', '2', '334', '1', '2019-11-25 10:22:01', '2019-11-25 10:22:01');
INSERT INTO `t_coupon_member` VALUES ('484', '3', '914', '1', '2019-11-13 10:22:01', '2019-11-13 10:22:01');
INSERT INTO `t_coupon_member` VALUES ('485', '3', '389', '1', '2019-11-11 10:22:01', '2019-11-11 10:22:01');
INSERT INTO `t_coupon_member` VALUES ('486', '2', '122', '1', '2019-11-15 10:22:01', '2019-11-15 10:22:01');
INSERT INTO `t_coupon_member` VALUES ('487', '3', '436', '1', '2019-11-20 10:22:01', '2019-11-20 10:22:01');
INSERT INTO `t_coupon_member` VALUES ('488', '2', '669', '1', '2019-11-25 10:22:01', '2019-11-25 10:22:01');
INSERT INTO `t_coupon_member` VALUES ('489', '2', '951', '1', '2019-11-14 10:22:01', '2019-11-14 10:22:01');
INSERT INTO `t_coupon_member` VALUES ('490', '2', '506', '1', '2019-11-15 10:22:01', '2019-11-15 10:22:01');
INSERT INTO `t_coupon_member` VALUES ('491', '2', '709', '1', '2019-11-23 10:22:01', '2019-11-23 10:22:01');
INSERT INTO `t_coupon_member` VALUES ('492', '3', '603', '1', '2019-11-26 10:22:01', '2019-11-26 10:22:01');
INSERT INTO `t_coupon_member` VALUES ('493', '2', '54', '1', '2019-11-23 10:22:01', '2019-11-23 10:22:01');
INSERT INTO `t_coupon_member` VALUES ('494', '2', '787', '1', '2019-11-21 10:22:01', '2019-11-21 10:22:01');
INSERT INTO `t_coupon_member` VALUES ('495', '2', '820', '1', '2019-11-27 10:22:01', '2019-11-27 10:22:01');
INSERT INTO `t_coupon_member` VALUES ('496', '3', '119', '1', '2019-11-12 10:22:01', '2019-11-12 10:22:01');
INSERT INTO `t_coupon_member` VALUES ('497', '3', '572', '1', '2019-11-23 10:22:01', '2019-11-23 10:22:01');
INSERT INTO `t_coupon_member` VALUES ('498', '3', '784', '1', '2019-11-25 10:22:01', '2019-11-25 10:22:01');
INSERT INTO `t_coupon_member` VALUES ('499', '3', '336', '1', '2019-11-25 10:22:01', '2019-11-25 10:22:01');
INSERT INTO `t_coupon_member` VALUES ('500', '2', '171', '1', '2019-11-30 10:22:01', '2019-11-30 10:22:01');
INSERT INTO `t_coupon_member` VALUES ('501', '2', '23', '1', '2019-11-20 10:22:01', '2019-11-20 10:22:01');
INSERT INTO `t_coupon_member` VALUES ('502', '3', '113', '1', '2019-11-21 10:22:01', '2019-11-21 10:22:01');
INSERT INTO `t_coupon_member` VALUES ('503', '2', '47', '1', '2019-11-14 10:22:01', '2019-11-14 10:22:01');
INSERT INTO `t_coupon_member` VALUES ('504', '2', '175', '1', '2019-11-19 10:22:01', '2019-11-19 10:22:01');
INSERT INTO `t_coupon_member` VALUES ('505', '2', '920', '1', '2019-11-23 10:22:01', '2019-11-23 10:22:01');
INSERT INTO `t_coupon_member` VALUES ('506', '2', '810', '1', '2019-11-13 10:22:01', '2019-11-13 10:22:01');
INSERT INTO `t_coupon_member` VALUES ('507', '2', '845', '1', '2019-11-27 10:22:01', '2019-11-27 10:22:01');
INSERT INTO `t_coupon_member` VALUES ('508', '2', '163', '1', '2019-11-27 10:22:01', '2019-11-27 10:22:01');
INSERT INTO `t_coupon_member` VALUES ('509', '3', '496', '1', '2019-11-14 10:22:01', '2019-11-14 10:22:01');
INSERT INTO `t_coupon_member` VALUES ('510', '3', '356', '1', '2019-11-11 10:22:01', '2019-11-11 10:22:01');
INSERT INTO `t_coupon_member` VALUES ('511', '2', '62', '1', '2019-11-27 10:22:01', '2019-11-27 10:22:01');
INSERT INTO `t_coupon_member` VALUES ('512', '3', '663', '1', '2019-11-28 10:22:01', '2019-11-28 10:22:01');
INSERT INTO `t_coupon_member` VALUES ('513', '3', '618', '1', '2019-11-13 10:22:01', '2019-11-13 10:22:01');
INSERT INTO `t_coupon_member` VALUES ('514', '2', '672', '1', '2019-11-25 10:22:01', '2019-11-25 10:22:01');
INSERT INTO `t_coupon_member` VALUES ('515', '2', '846', '1', '2019-11-28 10:22:01', '2019-11-28 10:22:01');
INSERT INTO `t_coupon_member` VALUES ('516', '3', '470', '1', '2019-11-16 10:22:01', '2019-11-16 10:22:01');
INSERT INTO `t_coupon_member` VALUES ('517', '3', '384', '1', '2019-11-30 10:22:01', '2019-11-30 10:22:01');
INSERT INTO `t_coupon_member` VALUES ('518', '2', '370', '1', '2019-11-11 10:22:01', '2019-11-11 10:22:01');
INSERT INTO `t_coupon_member` VALUES ('519', '2', '727', '1', '2019-11-24 10:22:01', '2019-11-24 10:22:01');
INSERT INTO `t_coupon_member` VALUES ('520', '3', '231', '1', '2019-11-11 10:22:01', '2019-11-11 10:22:01');
INSERT INTO `t_coupon_member` VALUES ('521', '3', '83', '1', '2019-11-19 10:22:01', '2019-11-19 10:22:01');
INSERT INTO `t_coupon_member` VALUES ('522', '3', '747', '1', '2019-11-12 10:22:01', '2019-11-12 10:22:01');
INSERT INTO `t_coupon_member` VALUES ('523', '2', '78', '1', '2019-11-23 10:22:01', '2019-11-23 10:22:01');
INSERT INTO `t_coupon_member` VALUES ('524', '3', '670', '1', '2019-11-15 10:22:01', '2019-11-15 10:22:01');
INSERT INTO `t_coupon_member` VALUES ('525', '2', '591', '1', '2019-11-20 10:22:01', '2019-11-20 10:22:01');
INSERT INTO `t_coupon_member` VALUES ('526', '3', '700', '1', '2019-11-28 10:22:01', '2019-11-28 10:22:01');
INSERT INTO `t_coupon_member` VALUES ('527', '3', '246', '1', '2019-11-29 10:22:01', '2019-11-29 10:22:01');
INSERT INTO `t_coupon_member` VALUES ('528', '2', '556', '1', '2019-11-29 10:22:01', '2019-11-29 10:22:01');
INSERT INTO `t_coupon_member` VALUES ('529', '2', '375', '1', '2019-11-11 10:22:01', '2019-11-11 10:22:01');
INSERT INTO `t_coupon_member` VALUES ('530', '2', '778', '1', '2019-11-15 10:22:01', '2019-11-15 10:22:01');
INSERT INTO `t_coupon_member` VALUES ('531', '3', '29', '1', '2019-11-12 10:22:01', '2019-11-12 10:22:01');
INSERT INTO `t_coupon_member` VALUES ('532', '3', '533', '1', '2019-11-20 10:22:01', '2019-11-20 10:22:01');
INSERT INTO `t_coupon_member` VALUES ('533', '2', '706', '1', '2019-11-28 10:22:01', '2019-11-28 10:22:01');
INSERT INTO `t_coupon_member` VALUES ('534', '3', '951', '1', '2019-11-21 10:22:01', '2019-11-21 10:22:01');
INSERT INTO `t_coupon_member` VALUES ('535', '3', '276', '1', '2019-11-12 10:22:01', '2019-11-12 10:22:01');
INSERT INTO `t_coupon_member` VALUES ('536', '2', '755', '1', '2019-11-25 10:22:01', '2019-11-25 10:22:01');
INSERT INTO `t_coupon_member` VALUES ('537', '3', '981', '1', '2019-11-15 10:22:01', '2019-11-15 10:22:01');
INSERT INTO `t_coupon_member` VALUES ('538', '3', '181', '1', '2019-11-27 10:22:01', '2019-11-27 10:22:01');
INSERT INTO `t_coupon_member` VALUES ('539', '2', '376', '1', '2019-11-15 10:22:01', '2019-11-15 10:22:01');
INSERT INTO `t_coupon_member` VALUES ('540', '3', '148', '1', '2019-11-25 10:22:01', '2019-11-25 10:22:01');
INSERT INTO `t_coupon_member` VALUES ('541', '2', '598', '1', '2019-11-28 10:22:01', '2019-11-28 10:22:01');
INSERT INTO `t_coupon_member` VALUES ('542', '3', '762', '1', '2019-11-25 10:22:01', '2019-11-25 10:22:01');
INSERT INTO `t_coupon_member` VALUES ('543', '3', '543', '1', '2019-11-16 10:22:01', '2019-11-16 10:22:01');
INSERT INTO `t_coupon_member` VALUES ('544', '3', '849', '1', '2019-11-18 10:22:01', '2019-11-18 10:22:01');
INSERT INTO `t_coupon_member` VALUES ('545', '3', '15', '1', '2019-11-28 10:22:01', '2019-11-28 10:22:01');
INSERT INTO `t_coupon_member` VALUES ('546', '2', '872', '1', '2019-11-27 10:22:01', '2019-11-27 10:22:01');
INSERT INTO `t_coupon_member` VALUES ('547', '3', '786', '1', '2019-11-25 10:22:01', '2019-11-25 10:22:01');
INSERT INTO `t_coupon_member` VALUES ('548', '2', '880', '1', '2019-11-30 10:22:01', '2019-11-30 10:22:01');
INSERT INTO `t_coupon_member` VALUES ('549', '2', '35', '1', '2019-11-26 10:22:01', '2019-11-26 10:22:01');
INSERT INTO `t_coupon_member` VALUES ('550', '2', '712', '1', '2019-11-12 10:22:01', '2019-11-12 10:22:01');
INSERT INTO `t_coupon_member` VALUES ('551', '3', '488', '1', '2019-11-27 10:22:01', '2019-11-27 10:22:01');
INSERT INTO `t_coupon_member` VALUES ('552', '2', '89', '1', '2019-11-21 10:22:01', '2019-11-21 10:22:01');
INSERT INTO `t_coupon_member` VALUES ('553', '3', '427', '1', '2019-11-12 10:22:01', '2019-11-12 10:22:01');
INSERT INTO `t_coupon_member` VALUES ('554', '2', '385', '1', '2019-11-26 10:22:01', '2019-11-26 10:22:01');
INSERT INTO `t_coupon_member` VALUES ('555', '3', '195', '1', '2019-11-19 10:22:01', '2019-11-19 10:22:01');
INSERT INTO `t_coupon_member` VALUES ('556', '3', '722', '1', '2019-11-14 10:22:01', '2019-11-14 10:22:01');
INSERT INTO `t_coupon_member` VALUES ('557', '2', '232', '1', '2019-11-25 10:22:01', '2019-11-25 10:22:01');
INSERT INTO `t_coupon_member` VALUES ('558', '2', '789', '1', '2019-11-26 10:22:01', '2019-11-26 10:22:01');
INSERT INTO `t_coupon_member` VALUES ('559', '3', '393', '1', '2019-11-14 10:22:01', '2019-11-14 10:22:01');
INSERT INTO `t_coupon_member` VALUES ('560', '3', '592', '1', '2019-11-17 10:22:01', '2019-11-17 10:22:01');
INSERT INTO `t_coupon_member` VALUES ('561', '3', '438', '1', '2019-11-12 10:22:01', '2019-11-12 10:22:01');
INSERT INTO `t_coupon_member` VALUES ('562', '3', '922', '1', '2019-11-12 10:22:01', '2019-11-12 10:22:01');
INSERT INTO `t_coupon_member` VALUES ('563', '2', '222', '1', '2019-11-24 10:22:01', '2019-11-24 10:22:01');
INSERT INTO `t_coupon_member` VALUES ('564', '3', '337', '1', '2019-11-14 10:22:01', '2019-11-14 10:22:01');
INSERT INTO `t_coupon_member` VALUES ('565', '3', '198', '1', '2019-11-15 10:22:01', '2019-11-15 10:22:01');
INSERT INTO `t_coupon_member` VALUES ('566', '3', '67', '1', '2019-11-19 10:22:01', '2019-11-19 10:22:01');
INSERT INTO `t_coupon_member` VALUES ('567', '2', '905', '1', '2019-11-25 10:22:01', '2019-11-25 10:22:01');
INSERT INTO `t_coupon_member` VALUES ('568', '2', '699', '1', '2019-11-23 10:22:01', '2019-11-23 10:22:01');
INSERT INTO `t_coupon_member` VALUES ('569', '2', '268', '1', '2019-11-24 10:22:01', '2019-11-24 10:22:01');
INSERT INTO `t_coupon_member` VALUES ('570', '2', '481', '1', '2019-11-27 10:22:01', '2019-11-27 10:22:01');
INSERT INTO `t_coupon_member` VALUES ('571', '3', '458', '1', '2019-11-24 10:22:01', '2019-11-24 10:22:01');
INSERT INTO `t_coupon_member` VALUES ('572', '2', '938', '1', '2019-11-27 10:22:01', '2019-11-27 10:22:01');
INSERT INTO `t_coupon_member` VALUES ('573', '2', '569', '1', '2019-11-18 10:22:01', '2019-11-18 10:22:01');
INSERT INTO `t_coupon_member` VALUES ('574', '3', '673', '1', '2019-11-11 10:22:01', '2019-11-11 10:22:01');
INSERT INTO `t_coupon_member` VALUES ('575', '3', '218', '1', '2019-11-25 10:22:01', '2019-11-25 10:22:01');
INSERT INTO `t_coupon_member` VALUES ('576', '2', '386', '1', '2019-11-26 10:22:01', '2019-11-26 10:22:01');
INSERT INTO `t_coupon_member` VALUES ('577', '2', '901', '1', '2019-11-20 10:22:01', '2019-11-20 10:22:01');
INSERT INTO `t_coupon_member` VALUES ('578', '3', '109', '1', '2019-11-13 10:22:01', '2019-11-13 10:22:01');
INSERT INTO `t_coupon_member` VALUES ('579', '2', '861', '1', '2019-11-19 10:22:01', '2019-11-19 10:22:01');
INSERT INTO `t_coupon_member` VALUES ('580', '3', '739', '1', '2019-11-19 10:22:01', '2019-11-19 10:22:01');
INSERT INTO `t_coupon_member` VALUES ('581', '2', '434', '1', '2019-11-27 10:22:01', '2019-11-27 10:22:01');
INSERT INTO `t_coupon_member` VALUES ('582', '3', '319', '1', '2019-11-28 10:22:01', '2019-11-28 10:22:01');
INSERT INTO `t_coupon_member` VALUES ('583', '3', '788', '1', '2019-11-22 10:22:01', '2019-11-22 10:22:01');
INSERT INTO `t_coupon_member` VALUES ('584', '3', '105', '1', '2019-11-22 10:22:01', '2019-11-22 10:22:01');
INSERT INTO `t_coupon_member` VALUES ('585', '2', '609', '1', '2019-11-15 10:22:01', '2019-11-15 10:22:01');
INSERT INTO `t_coupon_member` VALUES ('586', '2', '205', '1', '2019-11-25 10:22:01', '2019-11-25 10:22:01');
INSERT INTO `t_coupon_member` VALUES ('587', '3', '845', '1', '2019-11-30 10:22:01', '2019-11-30 10:22:01');
INSERT INTO `t_coupon_member` VALUES ('588', '3', '71', '1', '2019-11-21 10:22:01', '2019-11-21 10:22:01');
INSERT INTO `t_coupon_member` VALUES ('589', '2', '322', '1', '2019-11-30 10:22:01', '2019-11-30 10:22:01');
INSERT INTO `t_coupon_member` VALUES ('590', '2', '501', '1', '2019-11-12 10:22:01', '2019-11-12 10:22:01');
INSERT INTO `t_coupon_member` VALUES ('591', '3', '590', '1', '2019-11-13 10:22:01', '2019-11-13 10:22:01');
INSERT INTO `t_coupon_member` VALUES ('592', '2', '4', '1', '2019-11-12 10:22:01', '2019-11-12 10:22:01');
INSERT INTO `t_coupon_member` VALUES ('593', '3', '300', '1', '2019-11-19 10:22:01', '2019-11-19 10:22:01');
INSERT INTO `t_coupon_member` VALUES ('594', '3', '4', '1', '2019-11-17 10:22:01', '2019-11-17 10:22:01');
INSERT INTO `t_coupon_member` VALUES ('595', '2', '351', '1', '2019-11-11 10:22:01', '2019-11-11 10:22:01');
INSERT INTO `t_coupon_member` VALUES ('596', '2', '733', '1', '2019-11-21 10:22:01', '2019-11-21 10:22:01');
INSERT INTO `t_coupon_member` VALUES ('597', '2', '541', '1', '2019-11-24 10:22:01', '2019-11-24 10:22:01');
INSERT INTO `t_coupon_member` VALUES ('598', '2', '539', '1', '2019-11-15 10:22:01', '2019-11-15 10:22:01');
INSERT INTO `t_coupon_member` VALUES ('599', '2', '185', '1', '2019-11-14 10:22:01', '2019-11-14 10:22:01');
INSERT INTO `t_coupon_member` VALUES ('600', '1', '822', '2', '2019-11-19 10:22:01', '2019-11-19 10:22:01');
INSERT INTO `t_coupon_member` VALUES ('601', '1', '601', '2', '2019-11-16 10:22:01', '2019-11-16 10:22:01');
INSERT INTO `t_coupon_member` VALUES ('602', '1', '20', '2', '2019-11-16 10:22:01', '2019-11-16 10:22:01');
INSERT INTO `t_coupon_member` VALUES ('604', '1', '54', '2', '2019-11-22 10:22:01', '2019-11-22 10:22:01');
INSERT INTO `t_coupon_member` VALUES ('605', '1', '160', '2', '2019-11-23 10:22:01', '2019-11-23 10:22:01');
INSERT INTO `t_coupon_member` VALUES ('606', '1', '114', '2', '2019-11-19 10:22:01', '2019-11-19 10:22:01');
INSERT INTO `t_coupon_member` VALUES ('607', '1', '263', '2', '2019-11-20 10:22:01', '2019-11-20 10:22:01');
INSERT INTO `t_coupon_member` VALUES ('608', '1', '64', '2', '2019-11-25 10:22:01', '2019-11-25 10:22:01');
INSERT INTO `t_coupon_member` VALUES ('609', '1', '626', '2', '2019-11-26 10:22:01', '2019-11-26 10:22:01');
INSERT INTO `t_coupon_member` VALUES ('610', '1', '207', '2', '2019-11-23 10:22:01', '2019-11-23 10:22:01');
INSERT INTO `t_coupon_member` VALUES ('611', '1', '759', '2', '2019-11-25 10:22:01', '2019-11-25 10:22:01');
INSERT INTO `t_coupon_member` VALUES ('612', '1', '376', '2', '2019-11-16 10:22:01', '2019-11-16 10:22:01');
INSERT INTO `t_coupon_member` VALUES ('613', '1', '375', '2', '2019-11-26 10:22:01', '2019-11-26 10:22:01');
INSERT INTO `t_coupon_member` VALUES ('614', '1', '142', '2', '2019-11-27 10:22:01', '2019-11-27 10:22:01');
INSERT INTO `t_coupon_member` VALUES ('615', '1', '669', '2', '2019-11-24 10:22:01', '2019-11-24 10:22:01');
INSERT INTO `t_coupon_member` VALUES ('616', '1', '724', '2', '2019-11-18 10:22:01', '2019-11-18 10:22:01');
INSERT INTO `t_coupon_member` VALUES ('617', '1', '835', '2', '2019-11-21 10:22:01', '2019-11-21 10:22:01');
INSERT INTO `t_coupon_member` VALUES ('618', '1', '21', '2', '2019-11-30 10:22:01', '2019-11-30 10:22:01');
INSERT INTO `t_coupon_member` VALUES ('620', '1', '196', '2', '2019-11-27 10:22:01', '2019-11-27 10:22:01');
INSERT INTO `t_coupon_member` VALUES ('621', '1', '710', '2', '2019-11-18 10:22:01', '2019-11-18 10:22:01');
INSERT INTO `t_coupon_member` VALUES ('622', '1', '176', '2', '2019-11-15 10:22:01', '2019-11-15 10:22:01');
INSERT INTO `t_coupon_member` VALUES ('623', '1', '973', '2', '2019-11-12 10:22:01', '2019-11-12 10:22:01');
INSERT INTO `t_coupon_member` VALUES ('624', '1', '315', '2', '2019-11-26 10:22:01', '2019-11-26 10:22:01');
INSERT INTO `t_coupon_member` VALUES ('625', '1', '952', '2', '2019-11-22 10:22:01', '2019-11-22 10:22:01');
INSERT INTO `t_coupon_member` VALUES ('626', '1', '726', '2', '2019-11-28 10:22:01', '2019-11-28 10:22:01');
INSERT INTO `t_coupon_member` VALUES ('627', '1', '925', '2', '2019-11-21 10:22:01', '2019-11-21 10:22:01');
INSERT INTO `t_coupon_member` VALUES ('628', '1', '727', '2', '2019-11-28 10:22:01', '2019-11-28 10:22:01');
INSERT INTO `t_coupon_member` VALUES ('630', '1', '538', '2', '2019-11-22 10:22:01', '2019-11-22 10:22:01');
INSERT INTO `t_coupon_member` VALUES ('631', '1', '383', '2', '2019-11-22 10:22:01', '2019-11-22 10:22:01');
INSERT INTO `t_coupon_member` VALUES ('632', '1', '340', '2', '2019-11-27 10:22:01', '2019-11-27 10:22:01');
INSERT INTO `t_coupon_member` VALUES ('634', '1', '233', '2', '2019-11-26 10:22:01', '2019-11-26 10:22:01');
INSERT INTO `t_coupon_member` VALUES ('635', '1', '229', '2', '2019-11-19 10:22:01', '2019-11-19 10:22:01');
INSERT INTO `t_coupon_member` VALUES ('636', '1', '929', '2', '2019-11-27 10:22:01', '2019-11-27 10:22:01');
INSERT INTO `t_coupon_member` VALUES ('637', '1', '923', '2', '2019-11-17 10:22:01', '2019-11-17 10:22:01');
INSERT INTO `t_coupon_member` VALUES ('638', '1', '661', '2', '2019-11-16 10:22:01', '2019-11-16 10:22:01');
INSERT INTO `t_coupon_member` VALUES ('639', '1', '113', '2', '2019-11-24 10:22:01', '2019-11-24 10:22:01');
INSERT INTO `t_coupon_member` VALUES ('641', '1', '306', '2', '2019-11-28 10:22:01', '2019-11-28 10:22:01');
INSERT INTO `t_coupon_member` VALUES ('643', '1', '39', '2', '2019-11-17 10:22:01', '2019-11-17 10:22:01');
INSERT INTO `t_coupon_member` VALUES ('644', '1', '174', '2', '2019-11-25 10:22:01', '2019-11-25 10:22:01');
INSERT INTO `t_coupon_member` VALUES ('645', '1', '255', '2', '2019-11-24 10:22:01', '2019-11-24 10:22:01');
INSERT INTO `t_coupon_member` VALUES ('646', '1', '370', '2', '2019-11-23 10:22:01', '2019-11-23 10:22:01');
INSERT INTO `t_coupon_member` VALUES ('647', '1', '124', '2', '2019-11-20 10:22:01', '2019-11-20 10:22:01');
INSERT INTO `t_coupon_member` VALUES ('649', '1', '574', '2', '2019-11-23 10:22:01', '2019-11-23 10:22:01');
INSERT INTO `t_coupon_member` VALUES ('651', '1', '680', '2', '2019-11-28 10:22:01', '2019-11-28 10:22:01');
INSERT INTO `t_coupon_member` VALUES ('652', '1', '762', '2', '2019-11-13 10:22:01', '2019-11-13 10:22:01');
INSERT INTO `t_coupon_member` VALUES ('653', '1', '33', '2', '2019-11-25 10:22:01', '2019-11-25 10:22:01');
INSERT INTO `t_coupon_member` VALUES ('654', '1', '305', '2', '2019-11-20 10:22:01', '2019-11-20 10:22:01');
INSERT INTO `t_coupon_member` VALUES ('655', '1', '93', '2', '2019-11-28 10:22:01', '2019-11-28 10:22:01');
INSERT INTO `t_coupon_member` VALUES ('656', '1', '348', '2', '2019-11-11 10:22:01', '2019-11-11 10:22:01');
INSERT INTO `t_coupon_member` VALUES ('658', '1', '381', '2', '2019-11-13 10:22:01', '2019-11-13 10:22:01');
INSERT INTO `t_coupon_member` VALUES ('659', '1', '606', '2', '2019-11-16 10:22:01', '2019-11-16 10:22:01');
INSERT INTO `t_coupon_member` VALUES ('660', '1', '989', '2', '2019-11-13 10:22:01', '2019-11-13 10:22:01');
INSERT INTO `t_coupon_member` VALUES ('661', '1', '557', '2', '2019-11-25 10:22:01', '2019-11-25 10:22:01');
INSERT INTO `t_coupon_member` VALUES ('662', '1', '602', '2', '2019-11-27 10:22:01', '2019-11-27 10:22:01');
INSERT INTO `t_coupon_member` VALUES ('663', '1', '953', '2', '2019-11-14 10:22:01', '2019-11-14 10:22:01');
INSERT INTO `t_coupon_member` VALUES ('664', '1', '811', '2', '2019-11-25 10:22:01', '2019-11-25 10:22:01');
INSERT INTO `t_coupon_member` VALUES ('665', '1', '716', '2', '2019-11-30 10:22:01', '2019-11-30 10:22:01');
INSERT INTO `t_coupon_member` VALUES ('666', '1', '358', '2', '2019-11-23 10:22:01', '2019-11-23 10:22:01');
INSERT INTO `t_coupon_member` VALUES ('667', '1', '628', '2', '2019-11-17 10:22:01', '2019-11-17 10:22:01');
INSERT INTO `t_coupon_member` VALUES ('668', '1', '72', '2', '2019-11-23 10:22:01', '2019-11-23 10:22:01');
INSERT INTO `t_coupon_member` VALUES ('669', '1', '841', '2', '2019-11-17 10:22:01', '2019-11-17 10:22:01');
INSERT INTO `t_coupon_member` VALUES ('670', '1', '76', '2', '2019-11-20 10:22:01', '2019-11-20 10:22:01');
INSERT INTO `t_coupon_member` VALUES ('671', '1', '519', '2', '2019-11-22 10:22:01', '2019-11-22 10:22:01');
INSERT INTO `t_coupon_member` VALUES ('672', '1', '117', '2', '2019-11-17 10:22:01', '2019-11-17 10:22:01');
INSERT INTO `t_coupon_member` VALUES ('673', '1', '983', '2', '2019-11-20 10:22:01', '2019-11-20 10:22:01');
INSERT INTO `t_coupon_member` VALUES ('674', '1', '82', '2', '2019-11-16 10:22:01', '2019-11-16 10:22:01');
INSERT INTO `t_coupon_member` VALUES ('675', '1', '687', '2', '2019-11-22 10:22:01', '2019-11-22 10:22:01');
INSERT INTO `t_coupon_member` VALUES ('676', '1', '933', '2', '2019-11-17 10:22:01', '2019-11-17 10:22:01');
INSERT INTO `t_coupon_member` VALUES ('678', '1', '673', '2', '2019-11-28 10:22:01', '2019-11-28 10:22:01');
INSERT INTO `t_coupon_member` VALUES ('679', '1', '794', '2', '2019-11-24 10:22:01', '2019-11-24 10:22:01');
INSERT INTO `t_coupon_member` VALUES ('680', '1', '695', '2', '2019-11-18 10:22:01', '2019-11-18 10:22:01');
INSERT INTO `t_coupon_member` VALUES ('681', '1', '408', '2', '2019-11-25 10:22:01', '2019-11-25 10:22:01');
INSERT INTO `t_coupon_member` VALUES ('682', '1', '899', '2', '2019-11-12 10:22:01', '2019-11-12 10:22:01');
INSERT INTO `t_coupon_member` VALUES ('683', '1', '353', '2', '2019-11-22 10:22:01', '2019-11-22 10:22:01');
INSERT INTO `t_coupon_member` VALUES ('685', '1', '872', '2', '2019-11-21 10:22:01', '2019-11-21 10:22:01');
INSERT INTO `t_coupon_member` VALUES ('686', '1', '752', '2', '2019-11-14 10:22:01', '2019-11-14 10:22:01');
INSERT INTO `t_coupon_member` VALUES ('687', '1', '10', '2', '2019-11-26 10:22:01', '2019-11-26 10:22:01');
INSERT INTO `t_coupon_member` VALUES ('689', '1', '38', '2', '2019-11-28 10:22:01', '2019-11-28 10:22:01');
INSERT INTO `t_coupon_member` VALUES ('690', '1', '846', '2', '2019-11-21 10:22:01', '2019-11-21 10:22:01');
INSERT INTO `t_coupon_member` VALUES ('691', '1', '774', '2', '2019-11-27 10:22:01', '2019-11-27 10:22:01');
INSERT INTO `t_coupon_member` VALUES ('692', '1', '50', '2', '2019-11-26 10:22:01', '2019-11-26 10:22:01');
INSERT INTO `t_coupon_member` VALUES ('693', '1', '981', '2', '2019-11-26 10:22:01', '2019-11-26 10:22:01');
INSERT INTO `t_coupon_member` VALUES ('694', '1', '168', '2', '2019-11-12 10:22:01', '2019-11-12 10:22:01');
INSERT INTO `t_coupon_member` VALUES ('695', '1', '380', '2', '2019-11-29 10:22:01', '2019-11-29 10:22:01');
INSERT INTO `t_coupon_member` VALUES ('697', '1', '44', '2', '2019-11-30 10:22:01', '2019-11-30 10:22:01');
INSERT INTO `t_coupon_member` VALUES ('698', '1', '748', '2', '2019-11-20 10:22:01', '2019-11-20 10:22:01');
INSERT INTO `t_coupon_member` VALUES ('699', '1', '719', '2', '2019-11-11 10:22:01', '2019-11-11 10:22:01');
INSERT INTO `t_coupon_member` VALUES ('700', '1', '411', '2', '2019-11-25 10:22:01', '2019-11-25 10:22:01');
INSERT INTO `t_coupon_member` VALUES ('701', '1', '824', '2', '2019-11-25 10:22:01', '2019-11-25 10:22:01');
INSERT INTO `t_coupon_member` VALUES ('702', '1', '487', '2', '2019-11-27 10:22:01', '2019-11-27 10:22:01');
INSERT INTO `t_coupon_member` VALUES ('703', '1', '147', '2', '2019-11-16 10:22:01', '2019-11-16 10:22:01');
INSERT INTO `t_coupon_member` VALUES ('704', '1', '509', '2', '2019-11-16 10:22:01', '2019-11-16 10:22:01');
INSERT INTO `t_coupon_member` VALUES ('705', '1', '74', '2', '2019-11-27 10:22:01', '2019-11-27 10:22:01');
INSERT INTO `t_coupon_member` VALUES ('706', '1', '683', '2', '2019-11-11 10:22:01', '2019-11-11 10:22:01');
INSERT INTO `t_coupon_member` VALUES ('707', '1', '441', '2', '2019-11-14 10:22:01', '2019-11-14 10:22:01');
INSERT INTO `t_coupon_member` VALUES ('708', '1', '714', '2', '2019-11-14 10:22:01', '2019-11-14 10:22:01');
INSERT INTO `t_coupon_member` VALUES ('709', '1', '458', '2', '2019-11-25 10:22:01', '2019-11-25 10:22:01');
INSERT INTO `t_coupon_member` VALUES ('710', '1', '575', '2', '2019-11-11 10:22:01', '2019-11-11 10:22:01');
INSERT INTO `t_coupon_member` VALUES ('711', '1', '374', '2', '2019-11-28 10:22:01', '2019-11-28 10:22:01');
INSERT INTO `t_coupon_member` VALUES ('712', '1', '449', '2', '2019-11-16 10:22:01', '2019-11-16 10:22:01');
INSERT INTO `t_coupon_member` VALUES ('714', '1', '250', '2', '2019-11-21 10:22:01', '2019-11-21 10:22:01');
INSERT INTO `t_coupon_member` VALUES ('715', '1', '264', '2', '2019-11-24 10:22:01', '2019-11-24 10:22:01');
INSERT INTO `t_coupon_member` VALUES ('716', '1', '407', '2', '2019-11-15 10:22:01', '2019-11-15 10:22:01');
INSERT INTO `t_coupon_member` VALUES ('717', '1', '792', '2', '2019-11-22 10:22:01', '2019-11-22 10:22:01');
INSERT INTO `t_coupon_member` VALUES ('718', '1', '549', '2', '2019-11-25 10:22:01', '2019-11-25 10:22:01');
INSERT INTO `t_coupon_member` VALUES ('719', '1', '123', '2', '2019-11-26 10:22:01', '2019-11-26 10:22:01');
INSERT INTO `t_coupon_member` VALUES ('720', '1', '415', '2', '2019-11-26 10:22:01', '2019-11-26 10:22:01');
INSERT INTO `t_coupon_member` VALUES ('721', '1', '425', '2', '2019-11-12 10:22:01', '2019-11-12 10:22:01');
INSERT INTO `t_coupon_member` VALUES ('723', '1', '643', '2', '2019-11-15 10:22:01', '2019-11-15 10:22:01');
INSERT INTO `t_coupon_member` VALUES ('724', '1', '349', '2', '2019-11-12 10:22:01', '2019-11-12 10:22:01');
INSERT INTO `t_coupon_member` VALUES ('725', '1', '935', '2', '2019-11-20 10:22:01', '2019-11-20 10:22:01');
INSERT INTO `t_coupon_member` VALUES ('726', '1', '166', '2', '2019-11-20 10:22:01', '2019-11-20 10:22:01');
INSERT INTO `t_coupon_member` VALUES ('727', '1', '466', '2', '2019-11-12 10:22:01', '2019-11-12 10:22:01');
INSERT INTO `t_coupon_member` VALUES ('729', '1', '996', '2', '2019-11-13 10:22:01', '2019-11-13 10:22:01');
INSERT INTO `t_coupon_member` VALUES ('730', '1', '8', '2', '2019-11-27 10:22:01', '2019-11-27 10:22:01');
INSERT INTO `t_coupon_member` VALUES ('731', '1', '949', '2', '2019-11-23 10:22:01', '2019-11-23 10:22:01');
INSERT INTO `t_coupon_member` VALUES ('732', '1', '164', '2', '2019-11-14 10:22:01', '2019-11-14 10:22:01');
INSERT INTO `t_coupon_member` VALUES ('733', '1', '162', '2', '2019-11-21 10:22:01', '2019-11-21 10:22:01');
INSERT INTO `t_coupon_member` VALUES ('734', '1', '590', '2', '2019-11-22 10:22:01', '2019-11-22 10:22:01');
INSERT INTO `t_coupon_member` VALUES ('735', '1', '709', '2', '2019-11-28 10:22:01', '2019-11-28 10:22:01');
INSERT INTO `t_coupon_member` VALUES ('736', '1', '761', '2', '2019-11-26 10:22:01', '2019-11-26 10:22:01');
INSERT INTO `t_coupon_member` VALUES ('737', '1', '331', '2', '2019-11-26 10:22:01', '2019-11-26 10:22:01');
INSERT INTO `t_coupon_member` VALUES ('739', '1', '267', '2', '2019-11-28 10:22:01', '2019-11-28 10:22:01');
INSERT INTO `t_coupon_member` VALUES ('740', '1', '654', '2', '2019-11-21 10:22:01', '2019-11-21 10:22:01');
INSERT INTO `t_coupon_member` VALUES ('741', '1', '545', '2', '2019-11-13 10:22:01', '2019-11-13 10:22:01');
INSERT INTO `t_coupon_member` VALUES ('742', '1', '806', '2', '2019-11-14 10:22:01', '2019-11-14 10:22:01');
INSERT INTO `t_coupon_member` VALUES ('743', '1', '600', '2', '2019-11-17 10:22:01', '2019-11-17 10:22:01');
INSERT INTO `t_coupon_member` VALUES ('744', '1', '452', '2', '2019-11-16 10:22:01', '2019-11-16 10:22:01');
INSERT INTO `t_coupon_member` VALUES ('745', '1', '972', '2', '2019-11-27 10:22:01', '2019-11-27 10:22:01');
INSERT INTO `t_coupon_member` VALUES ('746', '1', '784', '2', '2019-11-14 10:22:01', '2019-11-14 10:22:01');
INSERT INTO `t_coupon_member` VALUES ('748', '1', '181', '2', '2019-11-28 10:22:01', '2019-11-28 10:22:01');
INSERT INTO `t_coupon_member` VALUES ('750', '1', '107', '2', '2019-11-22 10:22:01', '2019-11-22 10:22:01');
INSERT INTO `t_coupon_member` VALUES ('751', '1', '896', '2', '2019-11-24 10:22:01', '2019-11-24 10:22:01');
INSERT INTO `t_coupon_member` VALUES ('752', '1', '252', '2', '2019-11-17 10:22:01', '2019-11-17 10:22:01');
INSERT INTO `t_coupon_member` VALUES ('753', '1', '902', '2', '2019-11-12 10:22:01', '2019-11-12 10:22:01');
INSERT INTO `t_coupon_member` VALUES ('754', '1', '457', '2', '2019-11-24 10:22:01', '2019-11-24 10:22:01');
INSERT INTO `t_coupon_member` VALUES ('755', '1', '928', '2', '2019-11-30 10:22:01', '2019-11-30 10:22:01');
INSERT INTO `t_coupon_member` VALUES ('756', '1', '433', '2', '2019-11-25 10:22:01', '2019-11-25 10:22:01');
INSERT INTO `t_coupon_member` VALUES ('757', '1', '840', '2', '2019-11-22 10:22:01', '2019-11-22 10:22:01');
INSERT INTO `t_coupon_member` VALUES ('758', '1', '180', '2', '2019-11-15 10:22:01', '2019-11-15 10:22:01');
INSERT INTO `t_coupon_member` VALUES ('759', '1', '764', '2', '2019-11-11 10:22:01', '2019-11-11 10:22:01');
INSERT INTO `t_coupon_member` VALUES ('761', '1', '635', '2', '2019-11-14 10:22:01', '2019-11-14 10:22:01');
INSERT INTO `t_coupon_member` VALUES ('762', '1', '505', '2', '2019-11-26 10:22:01', '2019-11-26 10:22:01');
INSERT INTO `t_coupon_member` VALUES ('763', '1', '385', '2', '2019-11-25 10:22:01', '2019-11-25 10:22:01');
INSERT INTO `t_coupon_member` VALUES ('764', '1', '596', '2', '2019-11-11 10:22:01', '2019-11-11 10:22:01');
INSERT INTO `t_coupon_member` VALUES ('765', '1', '182', '2', '2019-11-27 10:22:01', '2019-11-27 10:22:01');
INSERT INTO `t_coupon_member` VALUES ('766', '1', '564', '2', '2019-11-27 10:22:01', '2019-11-27 10:22:01');
INSERT INTO `t_coupon_member` VALUES ('767', '1', '814', '2', '2019-11-15 10:22:01', '2019-11-15 10:22:01');
INSERT INTO `t_coupon_member` VALUES ('768', '1', '254', '2', '2019-11-22 10:22:01', '2019-11-22 10:22:01');
INSERT INTO `t_coupon_member` VALUES ('769', '1', '489', '2', '2019-11-28 10:22:01', '2019-11-28 10:22:01');
INSERT INTO `t_coupon_member` VALUES ('770', '1', '308', '2', '2019-11-13 10:22:01', '2019-11-13 10:22:01');
INSERT INTO `t_coupon_member` VALUES ('771', '1', '552', '2', '2019-11-19 10:22:01', '2019-11-19 10:22:01');
INSERT INTO `t_coupon_member` VALUES ('772', '1', '922', '2', '2019-11-13 10:22:01', '2019-11-13 10:22:01');
INSERT INTO `t_coupon_member` VALUES ('773', '1', '791', '2', '2019-11-24 10:22:01', '2019-11-24 10:22:01');
INSERT INTO `t_coupon_member` VALUES ('774', '1', '857', '2', '2019-11-26 10:22:01', '2019-11-26 10:22:01');
INSERT INTO `t_coupon_member` VALUES ('775', '1', '27', '2', '2019-11-13 10:22:01', '2019-11-13 10:22:01');
INSERT INTO `t_coupon_member` VALUES ('776', '1', '85', '2', '2019-11-22 10:22:01', '2019-11-22 10:22:01');
INSERT INTO `t_coupon_member` VALUES ('777', '1', '799', '2', '2019-11-18 10:22:01', '2019-11-18 10:22:01');
INSERT INTO `t_coupon_member` VALUES ('779', '1', '751', '2', '2019-11-30 10:22:01', '2019-11-30 10:22:01');
INSERT INTO `t_coupon_member` VALUES ('780', '1', '876', '2', '2019-11-21 10:22:01', '2019-11-21 10:22:01');
INSERT INTO `t_coupon_member` VALUES ('781', '1', '136', '2', '2019-11-21 10:22:01', '2019-11-21 10:22:01');
INSERT INTO `t_coupon_member` VALUES ('782', '1', '80', '2', '2019-11-23 10:22:01', '2019-11-23 10:22:01');
INSERT INTO `t_coupon_member` VALUES ('783', '1', '94', '2', '2019-11-14 10:22:01', '2019-11-14 10:22:01');
INSERT INTO `t_coupon_member` VALUES ('784', '1', '707', '2', '2019-11-16 10:22:01', '2019-11-16 10:22:01');
INSERT INTO `t_coupon_member` VALUES ('785', '1', '991', '2', '2019-11-13 10:22:01', '2019-11-13 10:22:01');
INSERT INTO `t_coupon_member` VALUES ('786', '1', '808', '2', '2019-11-29 10:22:01', '2019-11-29 10:22:01');
INSERT INTO `t_coupon_member` VALUES ('787', '1', '979', '2', '2019-11-26 10:22:01', '2019-11-26 10:22:01');
INSERT INTO `t_coupon_member` VALUES ('788', '1', '603', '2', '2019-11-13 10:22:01', '2019-11-13 10:22:01');
INSERT INTO `t_coupon_member` VALUES ('789', '1', '525', '2', '2019-11-24 10:22:01', '2019-11-24 10:22:01');
INSERT INTO `t_coupon_member` VALUES ('790', '1', '507', '2', '2019-11-14 10:22:01', '2019-11-14 10:22:01');
INSERT INTO `t_coupon_member` VALUES ('791', '1', '697', '2', '2019-11-13 10:22:01', '2019-11-13 10:22:01');
INSERT INTO `t_coupon_member` VALUES ('792', '1', '591', '2', '2019-11-19 10:22:01', '2019-11-19 10:22:01');
INSERT INTO `t_coupon_member` VALUES ('794', '1', '333', '2', '2019-11-26 10:22:01', '2019-11-26 10:22:01');
INSERT INTO `t_coupon_member` VALUES ('795', '1', '556', '2', '2019-11-27 10:22:01', '2019-11-27 10:22:01');
INSERT INTO `t_coupon_member` VALUES ('796', '1', '769', '2', '2019-11-16 10:22:01', '2019-11-16 10:22:01');
INSERT INTO `t_coupon_member` VALUES ('797', '1', '889', '2', '2019-11-14 10:22:01', '2019-11-14 10:22:01');
INSERT INTO `t_coupon_member` VALUES ('799', '1', '148', '2', '2019-11-11 10:22:01', '2019-11-11 10:22:01');
INSERT INTO `t_coupon_member` VALUES ('800', '1', '488', '2', '2019-11-18 10:22:01', '2019-11-18 10:22:01');

-- ----------------------------
-- Table structure for t_coupon_order
-- ----------------------------
DROP TABLE IF EXISTS `t_coupon_order`;
CREATE TABLE `t_coupon_order` (
  `id` int(11) NOT NULL AUTO_INCREMENT,
  `coupon_id` int(11) DEFAULT NULL,
  `member_id` int(11) DEFAULT NULL,
  `order_id` int(11) DEFAULT NULL COMMENT '商品订单ID',
  `create_time` datetime DEFAULT NULL,
  PRIMARY KEY (`id`)
) ENGINE=InnoDB AUTO_INCREMENT=562 DEFAULT CHARSET=utf8mb4;

-- ----------------------------
-- Records of t_coupon_order
-- ----------------------------
INSERT INTO `t_coupon_order` VALUES ('1', '2', '278', '150', '2019-11-22 10:22:01');
INSERT INTO `t_coupon_order` VALUES ('2', '2', '715', '151', '2019-11-16 10:22:01');
INSERT INTO `t_coupon_order` VALUES ('3', '2', '299', '152', '2019-11-29 10:22:01');
INSERT INTO `t_coupon_order` VALUES ('4', '3', '177', '153', '2019-11-17 10:22:01');
INSERT INTO `t_coupon_order` VALUES ('5', '3', '60', '154', '2019-11-28 10:22:01');
INSERT INTO `t_coupon_order` VALUES ('6', '2', '263', '155', '2019-11-20 10:22:01');
INSERT INTO `t_coupon_order` VALUES ('7', '2', '942', '156', '2019-11-29 10:22:01');
INSERT INTO `t_coupon_order` VALUES ('8', '3', '998', '157', '2019-11-20 10:22:01');
INSERT INTO `t_coupon_order` VALUES ('9', '2', '133', '158', '2019-11-14 10:22:01');
INSERT INTO `t_coupon_order` VALUES ('10', '2', '321', '159', '2019-11-25 10:22:01');
INSERT INTO `t_coupon_order` VALUES ('11', '3', '518', '160', '2019-11-15 10:22:01');
INSERT INTO `t_coupon_order` VALUES ('12', '3', '19', '161', '2019-11-17 10:22:01');
INSERT INTO `t_coupon_order` VALUES ('13', '3', '855', '162', '2019-11-23 10:22:01');
INSERT INTO `t_coupon_order` VALUES ('14', '2', '191', '163', '2019-11-18 10:22:01');
INSERT INTO `t_coupon_order` VALUES ('15', '2', '973', '164', '2019-11-11 10:22:01');
INSERT INTO `t_coupon_order` VALUES ('16', '2', '634', '165', '2019-11-25 10:22:01');
INSERT INTO `t_coupon_order` VALUES ('17', '2', '541', '166', '2019-11-26 10:22:01');
INSERT INTO `t_coupon_order` VALUES ('18', '3', '975', '167', '2019-11-14 10:22:01');
INSERT INTO `t_coupon_order` VALUES ('19', '3', '221', '168', '2019-11-27 10:22:01');
INSERT INTO `t_coupon_order` VALUES ('20', '3', '78', '169', '2019-11-14 10:22:01');
INSERT INTO `t_coupon_order` VALUES ('21', '3', '104', '170', '2019-11-13 10:22:01');
INSERT INTO `t_coupon_order` VALUES ('22', '2', '9', '171', '2019-11-26 10:22:01');
INSERT INTO `t_coupon_order` VALUES ('23', '2', '332', '172', '2019-11-14 10:22:01');
INSERT INTO `t_coupon_order` VALUES ('24', '3', '934', '173', '2019-11-21 10:22:01');
INSERT INTO `t_coupon_order` VALUES ('25', '2', '609', '174', '2019-11-28 10:22:01');
INSERT INTO `t_coupon_order` VALUES ('26', '2', '485', '175', '2019-11-16 10:22:01');
INSERT INTO `t_coupon_order` VALUES ('27', '3', '212', '176', '2019-11-14 10:22:01');
INSERT INTO `t_coupon_order` VALUES ('28', '2', '307', '177', '2019-11-16 10:22:01');
INSERT INTO `t_coupon_order` VALUES ('29', '2', '580', '178', '2019-11-21 10:22:01');
INSERT INTO `t_coupon_order` VALUES ('30', '3', '400', '179', '2019-11-21 10:22:01');
INSERT INTO `t_coupon_order` VALUES ('31', '2', '829', '180', '2019-11-11 10:22:01');
INSERT INTO `t_coupon_order` VALUES ('32', '2', '431', '181', '2019-11-14 10:22:01');
INSERT INTO `t_coupon_order` VALUES ('33', '2', '872', '182', '2019-11-18 10:22:01');
INSERT INTO `t_coupon_order` VALUES ('34', '2', '688', '183', '2019-11-19 10:22:01');
INSERT INTO `t_coupon_order` VALUES ('35', '2', '235', '184', '2019-11-29 10:22:01');
INSERT INTO `t_coupon_order` VALUES ('36', '3', '242', '185', '2019-11-25 10:22:01');
INSERT INTO `t_coupon_order` VALUES ('37', '2', '973', '186', '2019-11-27 10:22:01');
INSERT INTO `t_coupon_order` VALUES ('38', '3', '525', '187', '2019-11-28 10:22:01');
INSERT INTO `t_coupon_order` VALUES ('39', '3', '690', '188', '2019-11-26 10:22:01');
INSERT INTO `t_coupon_order` VALUES ('40', '3', '954', '189', '2019-11-17 10:22:01');
INSERT INTO `t_coupon_order` VALUES ('41', '3', '55', '190', '2019-11-29 10:22:01');
INSERT INTO `t_coupon_order` VALUES ('42', '2', '522', '191', '2019-11-17 10:22:01');
INSERT INTO `t_coupon_order` VALUES ('43', '3', '808', '192', '2019-11-29 10:22:01');
INSERT INTO `t_coupon_order` VALUES ('44', '3', '357', '193', '2019-11-26 10:22:01');
INSERT INTO `t_coupon_order` VALUES ('45', '2', '829', '194', '2019-11-15 10:22:01');
INSERT INTO `t_coupon_order` VALUES ('46', '3', '914', '195', '2019-11-27 10:22:01');
INSERT INTO `t_coupon_order` VALUES ('47', '2', '688', '196', '2019-11-14 10:22:01');
INSERT INTO `t_coupon_order` VALUES ('48', '2', '272', '197', '2019-11-17 10:22:01');
INSERT INTO `t_coupon_order` VALUES ('49', '2', '436', '198', '2019-11-11 10:22:01');
INSERT INTO `t_coupon_order` VALUES ('50', '2', '143', '199', '2019-11-22 10:22:01');
INSERT INTO `t_coupon_order` VALUES ('51', '2', '296', '200', '2019-11-14 10:22:01');
INSERT INTO `t_coupon_order` VALUES ('52', '3', '813', '201', '2019-11-30 10:22:01');
INSERT INTO `t_coupon_order` VALUES ('53', '3', '806', '202', '2019-11-15 10:22:01');
INSERT INTO `t_coupon_order` VALUES ('54', '3', '192', '203', '2019-11-20 10:22:01');
INSERT INTO `t_coupon_order` VALUES ('55', '3', '224', '204', '2019-11-22 10:22:01');
INSERT INTO `t_coupon_order` VALUES ('56', '3', '987', '205', '2019-11-25 10:22:01');
INSERT INTO `t_coupon_order` VALUES ('57', '2', '143', '206', '2019-11-24 10:22:01');
INSERT INTO `t_coupon_order` VALUES ('58', '3', '768', '207', '2019-11-30 10:22:01');
INSERT INTO `t_coupon_order` VALUES ('59', '2', '108', '208', '2019-11-18 10:22:01');
INSERT INTO `t_coupon_order` VALUES ('60', '2', '686', '209', '2019-11-21 10:22:01');
INSERT INTO `t_coupon_order` VALUES ('61', '2', '996', '210', '2019-11-15 10:22:01');
INSERT INTO `t_coupon_order` VALUES ('62', '2', '690', '211', '2019-11-23 10:22:01');
INSERT INTO `t_coupon_order` VALUES ('63', '3', '355', '212', '2019-11-20 10:22:01');
INSERT INTO `t_coupon_order` VALUES ('64', '2', '858', '213', '2019-11-14 10:22:01');
INSERT INTO `t_coupon_order` VALUES ('65', '3', '555', '214', '2019-11-17 10:22:01');
INSERT INTO `t_coupon_order` VALUES ('66', '2', '356', '215', '2019-11-26 10:22:01');
INSERT INTO `t_coupon_order` VALUES ('67', '2', '832', '216', '2019-11-15 10:22:01');
INSERT INTO `t_coupon_order` VALUES ('68', '3', '406', '217', '2019-11-30 10:22:01');
INSERT INTO `t_coupon_order` VALUES ('69', '3', '414', '218', '2019-11-19 10:22:01');
INSERT INTO `t_coupon_order` VALUES ('70', '3', '604', '219', '2019-11-27 10:22:01');
INSERT INTO `t_coupon_order` VALUES ('71', '2', '217', '220', '2019-11-16 10:22:01');
INSERT INTO `t_coupon_order` VALUES ('72', '2', '837', '221', '2019-11-27 10:22:01');
INSERT INTO `t_coupon_order` VALUES ('73', '2', '87', '222', '2019-11-22 10:22:01');
INSERT INTO `t_coupon_order` VALUES ('74', '3', '303', '223', '2019-11-21 10:22:01');
INSERT INTO `t_coupon_order` VALUES ('75', '2', '495', '224', '2019-11-29 10:22:01');
INSERT INTO `t_coupon_order` VALUES ('76', '3', '832', '225', '2019-11-23 10:22:01');
INSERT INTO `t_coupon_order` VALUES ('77', '3', '183', '226', '2019-11-25 10:22:01');
INSERT INTO `t_coupon_order` VALUES ('78', '2', '110', '227', '2019-11-30 10:22:01');
INSERT INTO `t_coupon_order` VALUES ('79', '3', '778', '228', '2019-11-12 10:22:01');
INSERT INTO `t_coupon_order` VALUES ('80', '3', '415', '229', '2019-11-28 10:22:01');
INSERT INTO `t_coupon_order` VALUES ('81', '2', '238', '230', '2019-11-25 10:22:01');
INSERT INTO `t_coupon_order` VALUES ('82', '2', '379', '231', '2019-11-16 10:22:01');
INSERT INTO `t_coupon_order` VALUES ('83', '3', '670', '232', '2019-11-25 10:22:01');
INSERT INTO `t_coupon_order` VALUES ('84', '3', '425', '233', '2019-11-24 10:22:01');
INSERT INTO `t_coupon_order` VALUES ('85', '2', '495', '234', '2019-11-19 10:22:01');
INSERT INTO `t_coupon_order` VALUES ('86', '3', '826', '235', '2019-11-25 10:22:01');
INSERT INTO `t_coupon_order` VALUES ('87', '3', '368', '236', '2019-11-20 10:22:01');
INSERT INTO `t_coupon_order` VALUES ('88', '3', '724', '237', '2019-11-22 10:22:01');
INSERT INTO `t_coupon_order` VALUES ('89', '2', '560', '238', '2019-11-14 10:22:01');
INSERT INTO `t_coupon_order` VALUES ('90', '3', '32', '239', '2019-11-13 10:22:01');
INSERT INTO `t_coupon_order` VALUES ('91', '3', '642', '240', '2019-11-24 10:22:01');
INSERT INTO `t_coupon_order` VALUES ('92', '3', '200', '241', '2019-11-14 10:22:01');
INSERT INTO `t_coupon_order` VALUES ('93', '2', '481', '242', '2019-11-24 10:22:01');
INSERT INTO `t_coupon_order` VALUES ('94', '3', '44', '243', '2019-11-14 10:22:01');
INSERT INTO `t_coupon_order` VALUES ('95', '2', '849', '244', '2019-11-13 10:22:01');
INSERT INTO `t_coupon_order` VALUES ('96', '3', '260', '245', '2019-11-26 10:22:01');
INSERT INTO `t_coupon_order` VALUES ('97', '3', '300', '246', '2019-11-22 10:22:01');
INSERT INTO `t_coupon_order` VALUES ('98', '3', '692', '247', '2019-11-27 10:22:01');
INSERT INTO `t_coupon_order` VALUES ('99', '3', '793', '248', '2019-11-28 10:22:01');
INSERT INTO `t_coupon_order` VALUES ('100', '2', '169', '249', '2019-11-30 10:22:01');
INSERT INTO `t_coupon_order` VALUES ('101', '3', '145', '250', '2019-11-23 10:22:01');
INSERT INTO `t_coupon_order` VALUES ('102', '2', '339', '251', '2019-11-16 10:22:01');
INSERT INTO `t_coupon_order` VALUES ('103', '3', '924', '252', '2019-11-12 10:22:01');
INSERT INTO `t_coupon_order` VALUES ('104', '2', '55', '253', '2019-11-27 10:22:01');
INSERT INTO `t_coupon_order` VALUES ('105', '3', '717', '254', '2019-11-14 10:22:01');
INSERT INTO `t_coupon_order` VALUES ('106', '2', '164', '255', '2019-11-24 10:22:01');
INSERT INTO `t_coupon_order` VALUES ('107', '3', '176', '256', '2019-11-12 10:22:01');
INSERT INTO `t_coupon_order` VALUES ('108', '3', '931', '257', '2019-11-13 10:22:01');
INSERT INTO `t_coupon_order` VALUES ('109', '2', '407', '258', '2019-11-15 10:22:01');
INSERT INTO `t_coupon_order` VALUES ('110', '3', '260', '259', '2019-11-17 10:22:01');
INSERT INTO `t_coupon_order` VALUES ('111', '3', '361', '260', '2019-11-18 10:22:01');
INSERT INTO `t_coupon_order` VALUES ('112', '2', '335', '261', '2019-11-25 10:22:01');
INSERT INTO `t_coupon_order` VALUES ('113', '3', '71', '262', '2019-11-17 10:22:01');
INSERT INTO `t_coupon_order` VALUES ('114', '2', '291', '263', '2019-11-19 10:22:01');
INSERT INTO `t_coupon_order` VALUES ('115', '2', '663', '264', '2019-11-23 10:22:01');
INSERT INTO `t_coupon_order` VALUES ('116', '2', '100', '265', '2019-11-24 10:22:01');
INSERT INTO `t_coupon_order` VALUES ('117', '2', '807', '266', '2019-11-29 10:22:01');
INSERT INTO `t_coupon_order` VALUES ('118', '2', '808', '267', '2019-11-26 10:22:01');
INSERT INTO `t_coupon_order` VALUES ('119', '3', '56', '268', '2019-11-25 10:22:01');
INSERT INTO `t_coupon_order` VALUES ('120', '2', '200', '269', '2019-11-28 10:22:01');
INSERT INTO `t_coupon_order` VALUES ('121', '2', '869', '270', '2019-11-25 10:22:01');
INSERT INTO `t_coupon_order` VALUES ('122', '3', '724', '271', '2019-11-17 10:22:01');
INSERT INTO `t_coupon_order` VALUES ('123', '3', '645', '272', '2019-11-12 10:22:01');
INSERT INTO `t_coupon_order` VALUES ('124', '3', '710', '273', '2019-11-29 10:22:01');
INSERT INTO `t_coupon_order` VALUES ('125', '2', '504', '274', '2019-11-17 10:22:01');
INSERT INTO `t_coupon_order` VALUES ('126', '3', '528', '275', '2019-11-18 10:22:01');
INSERT INTO `t_coupon_order` VALUES ('127', '3', '968', '276', '2019-11-13 10:22:01');
INSERT INTO `t_coupon_order` VALUES ('128', '2', '201', '277', '2019-11-15 10:22:01');
INSERT INTO `t_coupon_order` VALUES ('129', '2', '906', '278', '2019-11-20 10:22:01');
INSERT INTO `t_coupon_order` VALUES ('130', '3', '18', '279', '2019-11-12 10:22:01');
INSERT INTO `t_coupon_order` VALUES ('131', '3', '584', '280', '2019-11-17 10:22:01');
INSERT INTO `t_coupon_order` VALUES ('132', '2', '117', '281', '2019-11-26 10:22:01');
INSERT INTO `t_coupon_order` VALUES ('133', '2', '737', '282', '2019-11-11 10:22:01');
INSERT INTO `t_coupon_order` VALUES ('134', '3', '829', '283', '2019-11-17 10:22:01');
INSERT INTO `t_coupon_order` VALUES ('135', '2', '70', '284', '2019-11-14 10:22:01');
INSERT INTO `t_coupon_order` VALUES ('136', '3', '855', '285', '2019-11-16 10:22:01');
INSERT INTO `t_coupon_order` VALUES ('137', '3', '816', '286', '2019-11-28 10:22:01');
INSERT INTO `t_coupon_order` VALUES ('138', '2', '443', '287', '2019-11-14 10:22:01');
INSERT INTO `t_coupon_order` VALUES ('139', '2', '825', '288', '2019-11-20 10:22:01');
INSERT INTO `t_coupon_order` VALUES ('140', '2', '390', '289', '2019-11-11 10:22:01');
INSERT INTO `t_coupon_order` VALUES ('141', '2', '855', '290', '2019-11-16 10:22:01');
INSERT INTO `t_coupon_order` VALUES ('142', '3', '439', '291', '2019-11-22 10:22:01');
INSERT INTO `t_coupon_order` VALUES ('143', '2', '948', '292', '2019-11-24 10:22:01');
INSERT INTO `t_coupon_order` VALUES ('144', '2', '163', '293', '2019-11-26 10:22:01');
INSERT INTO `t_coupon_order` VALUES ('145', '2', '190', '294', '2019-11-17 10:22:01');
INSERT INTO `t_coupon_order` VALUES ('146', '3', '608', '295', '2019-11-22 10:22:01');
INSERT INTO `t_coupon_order` VALUES ('147', '3', '117', '296', '2019-11-15 10:22:01');
INSERT INTO `t_coupon_order` VALUES ('148', '3', '507', '297', '2019-11-26 10:22:01');
INSERT INTO `t_coupon_order` VALUES ('149', '3', '270', '298', '2019-11-24 10:22:01');
INSERT INTO `t_coupon_order` VALUES ('150', '2', '394', '299', '2019-11-12 10:22:01');
INSERT INTO `t_coupon_order` VALUES ('151', '2', '1000', '300', '2019-11-23 10:22:01');
INSERT INTO `t_coupon_order` VALUES ('152', '2', '862', '301', '2019-11-22 10:22:01');
INSERT INTO `t_coupon_order` VALUES ('153', '3', '853', '302', '2019-11-16 10:22:01');
INSERT INTO `t_coupon_order` VALUES ('154', '3', '326', '303', '2019-11-22 10:22:01');
INSERT INTO `t_coupon_order` VALUES ('155', '2', '759', '304', '2019-11-11 10:22:01');
INSERT INTO `t_coupon_order` VALUES ('156', '2', '953', '305', '2019-11-25 10:22:01');
INSERT INTO `t_coupon_order` VALUES ('157', '3', '89', '306', '2019-11-23 10:22:01');
INSERT INTO `t_coupon_order` VALUES ('158', '3', '489', '307', '2019-11-14 10:22:01');
INSERT INTO `t_coupon_order` VALUES ('159', '2', '497', '308', '2019-11-28 10:22:01');
INSERT INTO `t_coupon_order` VALUES ('160', '2', '945', '309', '2019-11-12 10:22:01');
INSERT INTO `t_coupon_order` VALUES ('161', '3', '41', '310', '2019-11-20 10:22:01');
INSERT INTO `t_coupon_order` VALUES ('162', '3', '731', '311', '2019-11-27 10:22:01');
INSERT INTO `t_coupon_order` VALUES ('163', '3', '636', '312', '2019-11-27 10:22:01');
INSERT INTO `t_coupon_order` VALUES ('164', '3', '322', '313', '2019-11-18 10:22:01');
INSERT INTO `t_coupon_order` VALUES ('165', '3', '98', '314', '2019-11-24 10:22:01');
INSERT INTO `t_coupon_order` VALUES ('166', '2', '115', '315', '2019-11-17 10:22:01');
INSERT INTO `t_coupon_order` VALUES ('167', '2', '726', '316', '2019-11-15 10:22:01');
INSERT INTO `t_coupon_order` VALUES ('168', '3', '604', '317', '2019-11-25 10:22:01');
INSERT INTO `t_coupon_order` VALUES ('169', '3', '676', '318', '2019-11-28 10:22:01');
INSERT INTO `t_coupon_order` VALUES ('170', '2', '394', '319', '2019-11-25 10:22:01');
INSERT INTO `t_coupon_order` VALUES ('171', '3', '866', '320', '2019-11-26 10:22:01');
INSERT INTO `t_coupon_order` VALUES ('172', '3', '354', '321', '2019-11-24 10:22:01');
INSERT INTO `t_coupon_order` VALUES ('173', '2', '752', '322', '2019-11-26 10:22:01');
INSERT INTO `t_coupon_order` VALUES ('174', '3', '73', '323', '2019-11-16 10:22:01');
INSERT INTO `t_coupon_order` VALUES ('175', '2', '997', '324', '2019-11-27 10:22:01');
INSERT INTO `t_coupon_order` VALUES ('176', '3', '91', '325', '2019-11-23 10:22:01');
INSERT INTO `t_coupon_order` VALUES ('177', '2', '393', '326', '2019-11-12 10:22:01');
INSERT INTO `t_coupon_order` VALUES ('178', '2', '323', '327', '2019-11-13 10:22:01');
INSERT INTO `t_coupon_order` VALUES ('179', '2', '672', '328', '2019-11-21 10:22:01');
INSERT INTO `t_coupon_order` VALUES ('180', '2', '139', '329', '2019-11-12 10:22:01');
INSERT INTO `t_coupon_order` VALUES ('181', '2', '793', '330', '2019-11-18 10:22:01');
INSERT INTO `t_coupon_order` VALUES ('182', '2', '555', '331', '2019-11-14 10:22:01');
INSERT INTO `t_coupon_order` VALUES ('183', '3', '520', '332', '2019-11-13 10:22:01');
INSERT INTO `t_coupon_order` VALUES ('184', '2', '185', '333', '2019-11-17 10:22:01');
INSERT INTO `t_coupon_order` VALUES ('185', '2', '280', '334', '2019-11-30 10:22:01');
INSERT INTO `t_coupon_order` VALUES ('186', '3', '626', '335', '2019-11-26 10:22:01');
INSERT INTO `t_coupon_order` VALUES ('187', '3', '12', '336', '2019-11-30 10:22:01');
INSERT INTO `t_coupon_order` VALUES ('188', '3', '141', '337', '2019-11-27 10:22:01');
INSERT INTO `t_coupon_order` VALUES ('189', '2', '411', '338', '2019-11-15 10:22:01');
INSERT INTO `t_coupon_order` VALUES ('190', '2', '584', '339', '2019-11-23 10:22:01');
INSERT INTO `t_coupon_order` VALUES ('191', '3', '50', '340', '2019-11-22 10:22:01');
INSERT INTO `t_coupon_order` VALUES ('192', '3', '458', '341', '2019-11-23 10:22:01');
INSERT INTO `t_coupon_order` VALUES ('193', '3', '42', '342', '2019-11-30 10:22:01');
INSERT INTO `t_coupon_order` VALUES ('194', '2', '703', '343', '2019-11-29 10:22:01');
INSERT INTO `t_coupon_order` VALUES ('195', '3', '355', '344', '2019-11-28 10:22:01');
INSERT INTO `t_coupon_order` VALUES ('196', '2', '133', '345', '2019-11-21 10:22:01');
INSERT INTO `t_coupon_order` VALUES ('197', '2', '762', '346', '2019-11-26 10:22:01');
INSERT INTO `t_coupon_order` VALUES ('198', '3', '171', '347', '2019-11-17 10:22:01');
INSERT INTO `t_coupon_order` VALUES ('199', '2', '852', '348', '2019-11-23 10:22:01');
INSERT INTO `t_coupon_order` VALUES ('200', '3', '189', '349', '2019-11-14 10:22:01');
INSERT INTO `t_coupon_order` VALUES ('201', '2', '432', '350', '2019-11-13 10:22:01');
INSERT INTO `t_coupon_order` VALUES ('202', '2', '74', '351', '2019-11-22 10:22:01');
INSERT INTO `t_coupon_order` VALUES ('203', '3', '455', '352', '2019-11-16 10:22:01');
INSERT INTO `t_coupon_order` VALUES ('204', '2', '435', '353', '2019-11-24 10:22:01');
INSERT INTO `t_coupon_order` VALUES ('205', '2', '890', '354', '2019-11-13 10:22:01');
INSERT INTO `t_coupon_order` VALUES ('206', '2', '81', '355', '2019-11-26 10:22:01');
INSERT INTO `t_coupon_order` VALUES ('207', '3', '41', '356', '2019-11-28 10:22:01');
INSERT INTO `t_coupon_order` VALUES ('208', '3', '924', '357', '2019-11-30 10:22:01');
INSERT INTO `t_coupon_order` VALUES ('209', '3', '630', '358', '2019-11-14 10:22:01');
INSERT INTO `t_coupon_order` VALUES ('210', '3', '722', '359', '2019-11-16 10:22:01');
INSERT INTO `t_coupon_order` VALUES ('211', '3', '458', '360', '2019-11-26 10:22:01');
INSERT INTO `t_coupon_order` VALUES ('212', '2', '947', '361', '2019-11-26 10:22:01');
INSERT INTO `t_coupon_order` VALUES ('213', '3', '544', '362', '2019-11-29 10:22:01');
INSERT INTO `t_coupon_order` VALUES ('214', '3', '239', '363', '2019-11-30 10:22:01');
INSERT INTO `t_coupon_order` VALUES ('215', '3', '609', '364', '2019-11-22 10:22:01');
INSERT INTO `t_coupon_order` VALUES ('216', '2', '176', '365', '2019-11-18 10:22:01');
INSERT INTO `t_coupon_order` VALUES ('217', '3', '718', '366', '2019-11-26 10:22:01');
INSERT INTO `t_coupon_order` VALUES ('218', '2', '39', '367', '2019-11-25 10:22:01');
INSERT INTO `t_coupon_order` VALUES ('219', '2', '327', '368', '2019-11-26 10:22:01');
INSERT INTO `t_coupon_order` VALUES ('220', '3', '534', '369', '2019-11-26 10:22:01');
INSERT INTO `t_coupon_order` VALUES ('221', '3', '132', '370', '2019-11-19 10:22:01');
INSERT INTO `t_coupon_order` VALUES ('222', '2', '142', '371', '2019-11-25 10:22:01');
INSERT INTO `t_coupon_order` VALUES ('223', '2', '631', '372', '2019-11-23 10:22:01');
INSERT INTO `t_coupon_order` VALUES ('224', '2', '548', '373', '2019-11-20 10:22:01');
INSERT INTO `t_coupon_order` VALUES ('225', '2', '915', '374', '2019-11-19 10:22:01');
INSERT INTO `t_coupon_order` VALUES ('226', '3', '520', '375', '2019-11-24 10:22:01');
INSERT INTO `t_coupon_order` VALUES ('227', '2', '937', '376', '2019-11-27 10:22:01');
INSERT INTO `t_coupon_order` VALUES ('228', '2', '116', '377', '2019-11-14 10:22:01');
INSERT INTO `t_coupon_order` VALUES ('229', '3', '373', '378', '2019-11-29 10:22:01');
INSERT INTO `t_coupon_order` VALUES ('230', '2', '207', '379', '2019-11-30 10:22:01');
INSERT INTO `t_coupon_order` VALUES ('231', '3', '710', '380', '2019-11-11 10:22:01');
INSERT INTO `t_coupon_order` VALUES ('232', '3', '481', '381', '2019-11-27 10:22:01');
INSERT INTO `t_coupon_order` VALUES ('233', '2', '710', '382', '2019-11-12 10:22:01');
INSERT INTO `t_coupon_order` VALUES ('234', '2', '503', '383', '2019-11-11 10:22:01');
INSERT INTO `t_coupon_order` VALUES ('235', '3', '180', '384', '2019-11-24 10:22:01');
INSERT INTO `t_coupon_order` VALUES ('236', '3', '357', '385', '2019-11-18 10:22:01');
INSERT INTO `t_coupon_order` VALUES ('237', '2', '592', '386', '2019-11-28 10:22:01');
INSERT INTO `t_coupon_order` VALUES ('238', '3', '501', '387', '2019-11-13 10:22:01');
INSERT INTO `t_coupon_order` VALUES ('239', '3', '793', '388', '2019-11-17 10:22:01');
INSERT INTO `t_coupon_order` VALUES ('240', '2', '32', '389', '2019-11-21 10:22:01');
INSERT INTO `t_coupon_order` VALUES ('241', '3', '604', '390', '2019-11-29 10:22:01');
INSERT INTO `t_coupon_order` VALUES ('242', '3', '675', '391', '2019-11-15 10:22:01');
INSERT INTO `t_coupon_order` VALUES ('243', '3', '222', '392', '2019-11-20 10:22:01');
INSERT INTO `t_coupon_order` VALUES ('244', '2', '566', '393', '2019-11-24 10:22:01');
INSERT INTO `t_coupon_order` VALUES ('245', '3', '116', '394', '2019-11-11 10:22:01');
INSERT INTO `t_coupon_order` VALUES ('246', '2', '106', '395', '2019-11-27 10:22:01');
INSERT INTO `t_coupon_order` VALUES ('247', '2', '16', '396', '2019-11-15 10:22:01');
INSERT INTO `t_coupon_order` VALUES ('248', '2', '856', '397', '2019-11-11 10:22:01');
INSERT INTO `t_coupon_order` VALUES ('249', '3', '893', '398', '2019-11-16 10:22:01');
INSERT INTO `t_coupon_order` VALUES ('250', '3', '780', '399', '2019-11-30 10:22:01');
INSERT INTO `t_coupon_order` VALUES ('251', '3', '723', '400', '2019-11-23 10:22:01');
INSERT INTO `t_coupon_order` VALUES ('252', '2', '308', '401', '2019-11-30 10:22:01');
INSERT INTO `t_coupon_order` VALUES ('253', '2', '81', '402', '2019-11-21 10:22:01');
INSERT INTO `t_coupon_order` VALUES ('254', '2', '263', '403', '2019-11-26 10:22:01');
INSERT INTO `t_coupon_order` VALUES ('255', '3', '381', '404', '2019-11-22 10:22:01');
INSERT INTO `t_coupon_order` VALUES ('256', '3', '465', '405', '2019-11-26 10:22:01');
INSERT INTO `t_coupon_order` VALUES ('257', '2', '212', '406', '2019-11-28 10:22:01');
INSERT INTO `t_coupon_order` VALUES ('258', '2', '97', '407', '2019-11-22 10:22:01');
INSERT INTO `t_coupon_order` VALUES ('259', '3', '887', '408', '2019-11-29 10:22:01');
INSERT INTO `t_coupon_order` VALUES ('260', '3', '170', '409', '2019-11-19 10:22:01');
INSERT INTO `t_coupon_order` VALUES ('261', '2', '370', '410', '2019-11-20 10:22:01');
INSERT INTO `t_coupon_order` VALUES ('262', '2', '162', '411', '2019-11-13 10:22:01');
INSERT INTO `t_coupon_order` VALUES ('263', '2', '346', '412', '2019-11-18 10:22:01');
INSERT INTO `t_coupon_order` VALUES ('264', '3', '217', '413', '2019-11-29 10:22:01');
INSERT INTO `t_coupon_order` VALUES ('265', '2', '856', '414', '2019-11-20 10:22:01');
INSERT INTO `t_coupon_order` VALUES ('266', '3', '369', '415', '2019-11-18 10:22:01');
INSERT INTO `t_coupon_order` VALUES ('267', '2', '84', '416', '2019-11-16 10:22:01');
INSERT INTO `t_coupon_order` VALUES ('268', '2', '325', '417', '2019-11-26 10:22:01');
INSERT INTO `t_coupon_order` VALUES ('269', '3', '245', '418', '2019-11-13 10:22:01');
INSERT INTO `t_coupon_order` VALUES ('270', '3', '801', '419', '2019-11-16 10:22:01');
INSERT INTO `t_coupon_order` VALUES ('271', '2', '285', '420', '2019-11-18 10:22:01');
INSERT INTO `t_coupon_order` VALUES ('272', '2', '858', '421', '2019-11-21 10:22:01');
INSERT INTO `t_coupon_order` VALUES ('273', '3', '341', '422', '2019-11-13 10:22:01');
INSERT INTO `t_coupon_order` VALUES ('274', '3', '946', '423', '2019-11-23 10:22:01');
INSERT INTO `t_coupon_order` VALUES ('275', '2', '422', '424', '2019-11-18 10:22:01');
INSERT INTO `t_coupon_order` VALUES ('276', '2', '768', '425', '2019-11-27 10:22:01');
INSERT INTO `t_coupon_order` VALUES ('277', '2', '266', '426', '2019-11-16 10:22:01');
INSERT INTO `t_coupon_order` VALUES ('278', '2', '27', '427', '2019-11-16 10:22:01');
INSERT INTO `t_coupon_order` VALUES ('279', '2', '618', '428', '2019-11-27 10:22:01');
INSERT INTO `t_coupon_order` VALUES ('280', '2', '420', '429', '2019-11-19 10:22:01');
INSERT INTO `t_coupon_order` VALUES ('281', '3', '130', '430', '2019-11-12 10:22:01');
INSERT INTO `t_coupon_order` VALUES ('282', '3', '548', '431', '2019-11-28 10:22:01');
INSERT INTO `t_coupon_order` VALUES ('283', '2', '518', '432', '2019-11-21 10:22:01');
INSERT INTO `t_coupon_order` VALUES ('284', '3', '875', '433', '2019-11-12 10:22:01');
INSERT INTO `t_coupon_order` VALUES ('285', '3', '143', '434', '2019-11-20 10:22:01');
INSERT INTO `t_coupon_order` VALUES ('286', '3', '582', '435', '2019-11-24 10:22:01');
INSERT INTO `t_coupon_order` VALUES ('287', '2', '55', '436', '2019-11-18 10:22:01');
INSERT INTO `t_coupon_order` VALUES ('288', '3', '851', '437', '2019-11-15 10:22:01');
INSERT INTO `t_coupon_order` VALUES ('289', '2', '596', '438', '2019-11-30 10:22:01');
INSERT INTO `t_coupon_order` VALUES ('290', '3', '51', '439', '2019-11-25 10:22:01');
INSERT INTO `t_coupon_order` VALUES ('291', '2', '865', '440', '2019-11-12 10:22:01');
INSERT INTO `t_coupon_order` VALUES ('292', '3', '721', '441', '2019-11-11 10:22:01');
INSERT INTO `t_coupon_order` VALUES ('293', '3', '16', '442', '2019-11-28 10:22:01');
INSERT INTO `t_coupon_order` VALUES ('294', '3', '574', '443', '2019-11-28 10:22:01');
INSERT INTO `t_coupon_order` VALUES ('295', '2', '920', '444', '2019-11-11 10:22:01');
INSERT INTO `t_coupon_order` VALUES ('296', '3', '697', '445', '2019-11-16 10:22:01');
INSERT INTO `t_coupon_order` VALUES ('297', '2', '672', '446', '2019-11-13 10:22:01');
INSERT INTO `t_coupon_order` VALUES ('298', '2', '734', '447', '2019-11-27 10:22:01');
INSERT INTO `t_coupon_order` VALUES ('299', '2', '163', '448', '2019-11-28 10:22:01');
INSERT INTO `t_coupon_order` VALUES ('300', '2', '940', '449', '2019-11-17 10:22:01');
INSERT INTO `t_coupon_order` VALUES ('301', '3', '773', '450', '2019-11-19 10:22:01');
INSERT INTO `t_coupon_order` VALUES ('302', '2', '250', '451', '2019-11-28 10:22:01');
INSERT INTO `t_coupon_order` VALUES ('303', '2', '73', '452', '2019-11-11 10:22:01');
INSERT INTO `t_coupon_order` VALUES ('304', '3', '173', '453', '2019-11-17 10:22:01');
INSERT INTO `t_coupon_order` VALUES ('305', '3', '608', '454', '2019-11-12 10:22:01');
INSERT INTO `t_coupon_order` VALUES ('306', '2', '875', '455', '2019-11-23 10:22:01');
INSERT INTO `t_coupon_order` VALUES ('307', '2', '401', '456', '2019-11-13 10:22:01');
INSERT INTO `t_coupon_order` VALUES ('308', '2', '530', '457', '2019-11-21 10:22:01');
INSERT INTO `t_coupon_order` VALUES ('309', '3', '541', '458', '2019-11-18 10:22:01');
INSERT INTO `t_coupon_order` VALUES ('310', '3', '982', '459', '2019-11-16 10:22:01');
INSERT INTO `t_coupon_order` VALUES ('311', '3', '996', '460', '2019-11-11 10:22:01');
INSERT INTO `t_coupon_order` VALUES ('312', '2', '168', '461', '2019-11-20 10:22:01');
INSERT INTO `t_coupon_order` VALUES ('313', '2', '706', '462', '2019-11-26 10:22:01');
INSERT INTO `t_coupon_order` VALUES ('314', '3', '249', '463', '2019-11-21 10:22:01');
INSERT INTO `t_coupon_order` VALUES ('315', '3', '485', '464', '2019-11-19 10:22:01');
INSERT INTO `t_coupon_order` VALUES ('316', '2', '899', '465', '2019-11-14 10:22:01');
INSERT INTO `t_coupon_order` VALUES ('317', '3', '957', '466', '2019-11-29 10:22:01');
INSERT INTO `t_coupon_order` VALUES ('318', '3', '433', '467', '2019-11-23 10:22:01');
INSERT INTO `t_coupon_order` VALUES ('319', '3', '583', '468', '2019-11-19 10:22:01');
INSERT INTO `t_coupon_order` VALUES ('320', '2', '328', '469', '2019-11-28 10:22:01');
INSERT INTO `t_coupon_order` VALUES ('321', '2', '495', '470', '2019-11-24 10:22:01');
INSERT INTO `t_coupon_order` VALUES ('322', '3', '218', '471', '2019-11-19 10:22:01');
INSERT INTO `t_coupon_order` VALUES ('323', '3', '960', '472', '2019-11-15 10:22:01');
INSERT INTO `t_coupon_order` VALUES ('324', '2', '189', '473', '2019-11-29 10:22:01');
INSERT INTO `t_coupon_order` VALUES ('325', '2', '237', '474', '2019-11-12 10:22:01');
INSERT INTO `t_coupon_order` VALUES ('326', '3', '896', '475', '2019-11-27 10:22:01');
INSERT INTO `t_coupon_order` VALUES ('327', '2', '645', '476', '2019-11-16 10:22:01');
INSERT INTO `t_coupon_order` VALUES ('328', '3', '736', '477', '2019-11-11 10:22:01');
INSERT INTO `t_coupon_order` VALUES ('329', '2', '604', '478', '2019-11-21 10:22:01');
INSERT INTO `t_coupon_order` VALUES ('330', '3', '689', '479', '2019-11-21 10:22:01');
INSERT INTO `t_coupon_order` VALUES ('331', '2', '410', '480', '2019-11-21 10:22:01');
INSERT INTO `t_coupon_order` VALUES ('332', '3', '549', '481', '2019-11-24 10:22:01');
INSERT INTO `t_coupon_order` VALUES ('333', '2', '335', '482', '2019-11-15 10:22:01');
INSERT INTO `t_coupon_order` VALUES ('334', '2', '334', '483', '2019-11-25 10:22:01');
INSERT INTO `t_coupon_order` VALUES ('335', '3', '914', '484', '2019-11-13 10:22:01');
INSERT INTO `t_coupon_order` VALUES ('336', '3', '389', '485', '2019-11-11 10:22:01');
INSERT INTO `t_coupon_order` VALUES ('337', '2', '122', '486', '2019-11-15 10:22:01');
INSERT INTO `t_coupon_order` VALUES ('338', '3', '436', '487', '2019-11-20 10:22:01');
INSERT INTO `t_coupon_order` VALUES ('339', '2', '669', '488', '2019-11-25 10:22:01');
INSERT INTO `t_coupon_order` VALUES ('340', '2', '951', '489', '2019-11-14 10:22:01');
INSERT INTO `t_coupon_order` VALUES ('341', '2', '506', '490', '2019-11-15 10:22:01');
INSERT INTO `t_coupon_order` VALUES ('342', '2', '709', '491', '2019-11-23 10:22:01');
INSERT INTO `t_coupon_order` VALUES ('343', '3', '603', '492', '2019-11-26 10:22:01');
INSERT INTO `t_coupon_order` VALUES ('344', '2', '54', '493', '2019-11-23 10:22:01');
INSERT INTO `t_coupon_order` VALUES ('345', '2', '787', '494', '2019-11-21 10:22:01');
INSERT INTO `t_coupon_order` VALUES ('346', '2', '820', '495', '2019-11-27 10:22:01');
INSERT INTO `t_coupon_order` VALUES ('347', '3', '119', '496', '2019-11-12 10:22:01');
INSERT INTO `t_coupon_order` VALUES ('348', '3', '572', '497', '2019-11-23 10:22:01');
INSERT INTO `t_coupon_order` VALUES ('349', '3', '784', '498', '2019-11-25 10:22:01');
INSERT INTO `t_coupon_order` VALUES ('350', '3', '336', '499', '2019-11-25 10:22:01');
INSERT INTO `t_coupon_order` VALUES ('351', '2', '171', '500', '2019-11-30 10:22:01');
INSERT INTO `t_coupon_order` VALUES ('352', '2', '23', '501', '2019-11-20 10:22:01');
INSERT INTO `t_coupon_order` VALUES ('353', '3', '113', '502', '2019-11-21 10:22:01');
INSERT INTO `t_coupon_order` VALUES ('354', '2', '47', '503', '2019-11-14 10:22:01');
INSERT INTO `t_coupon_order` VALUES ('355', '2', '175', '504', '2019-11-19 10:22:01');
INSERT INTO `t_coupon_order` VALUES ('356', '2', '920', '505', '2019-11-23 10:22:01');
INSERT INTO `t_coupon_order` VALUES ('357', '2', '810', '506', '2019-11-13 10:22:01');
INSERT INTO `t_coupon_order` VALUES ('358', '2', '845', '507', '2019-11-27 10:22:01');
INSERT INTO `t_coupon_order` VALUES ('359', '2', '163', '508', '2019-11-27 10:22:01');
INSERT INTO `t_coupon_order` VALUES ('360', '3', '496', '509', '2019-11-14 10:22:01');
INSERT INTO `t_coupon_order` VALUES ('361', '3', '356', '510', '2019-11-11 10:22:01');
INSERT INTO `t_coupon_order` VALUES ('362', '2', '62', '511', '2019-11-27 10:22:01');
INSERT INTO `t_coupon_order` VALUES ('363', '3', '663', '512', '2019-11-28 10:22:01');
INSERT INTO `t_coupon_order` VALUES ('364', '3', '618', '513', '2019-11-13 10:22:01');
INSERT INTO `t_coupon_order` VALUES ('365', '2', '672', '514', '2019-11-25 10:22:01');
INSERT INTO `t_coupon_order` VALUES ('366', '2', '846', '515', '2019-11-28 10:22:01');
INSERT INTO `t_coupon_order` VALUES ('367', '3', '470', '516', '2019-11-16 10:22:01');
INSERT INTO `t_coupon_order` VALUES ('368', '3', '384', '517', '2019-11-30 10:22:01');
INSERT INTO `t_coupon_order` VALUES ('369', '2', '370', '518', '2019-11-11 10:22:01');
INSERT INTO `t_coupon_order` VALUES ('370', '2', '727', '519', '2019-11-24 10:22:01');
INSERT INTO `t_coupon_order` VALUES ('371', '3', '231', '520', '2019-11-11 10:22:01');
INSERT INTO `t_coupon_order` VALUES ('372', '3', '83', '521', '2019-11-19 10:22:01');
INSERT INTO `t_coupon_order` VALUES ('373', '3', '747', '522', '2019-11-12 10:22:01');
INSERT INTO `t_coupon_order` VALUES ('374', '2', '78', '523', '2019-11-23 10:22:01');
INSERT INTO `t_coupon_order` VALUES ('375', '3', '670', '524', '2019-11-15 10:22:01');
INSERT INTO `t_coupon_order` VALUES ('376', '2', '591', '525', '2019-11-20 10:22:01');
INSERT INTO `t_coupon_order` VALUES ('377', '3', '700', '526', '2019-11-28 10:22:01');
INSERT INTO `t_coupon_order` VALUES ('378', '3', '246', '527', '2019-11-29 10:22:01');
INSERT INTO `t_coupon_order` VALUES ('379', '2', '556', '528', '2019-11-29 10:22:01');
INSERT INTO `t_coupon_order` VALUES ('380', '2', '375', '529', '2019-11-11 10:22:01');
INSERT INTO `t_coupon_order` VALUES ('381', '2', '778', '530', '2019-11-15 10:22:01');
INSERT INTO `t_coupon_order` VALUES ('382', '3', '29', '531', '2019-11-12 10:22:01');
INSERT INTO `t_coupon_order` VALUES ('383', '3', '533', '532', '2019-11-20 10:22:01');
INSERT INTO `t_coupon_order` VALUES ('384', '2', '706', '533', '2019-11-28 10:22:01');
INSERT INTO `t_coupon_order` VALUES ('385', '3', '951', '534', '2019-11-21 10:22:01');
INSERT INTO `t_coupon_order` VALUES ('386', '3', '276', '535', '2019-11-12 10:22:01');
INSERT INTO `t_coupon_order` VALUES ('387', '2', '755', '536', '2019-11-25 10:22:01');
INSERT INTO `t_coupon_order` VALUES ('388', '3', '981', '537', '2019-11-15 10:22:01');
INSERT INTO `t_coupon_order` VALUES ('389', '3', '181', '538', '2019-11-27 10:22:01');
INSERT INTO `t_coupon_order` VALUES ('390', '2', '376', '539', '2019-11-15 10:22:01');
INSERT INTO `t_coupon_order` VALUES ('391', '3', '148', '540', '2019-11-25 10:22:01');
INSERT INTO `t_coupon_order` VALUES ('392', '2', '598', '541', '2019-11-28 10:22:01');
INSERT INTO `t_coupon_order` VALUES ('393', '3', '762', '542', '2019-11-25 10:22:01');
INSERT INTO `t_coupon_order` VALUES ('394', '3', '543', '543', '2019-11-16 10:22:01');
INSERT INTO `t_coupon_order` VALUES ('395', '3', '849', '544', '2019-11-18 10:22:01');
INSERT INTO `t_coupon_order` VALUES ('396', '3', '15', '545', '2019-11-28 10:22:01');
INSERT INTO `t_coupon_order` VALUES ('397', '2', '872', '546', '2019-11-27 10:22:01');
INSERT INTO `t_coupon_order` VALUES ('398', '3', '786', '547', '2019-11-25 10:22:01');
INSERT INTO `t_coupon_order` VALUES ('399', '2', '880', '548', '2019-11-30 10:22:01');
INSERT INTO `t_coupon_order` VALUES ('400', '2', '35', '549', '2019-11-26 10:22:01');
INSERT INTO `t_coupon_order` VALUES ('401', '2', '712', '550', '2019-11-12 10:22:01');
INSERT INTO `t_coupon_order` VALUES ('402', '3', '488', '551', '2019-11-27 10:22:01');
INSERT INTO `t_coupon_order` VALUES ('403', '2', '89', '552', '2019-11-21 10:22:01');
INSERT INTO `t_coupon_order` VALUES ('404', '3', '427', '553', '2019-11-12 10:22:01');
INSERT INTO `t_coupon_order` VALUES ('405', '2', '385', '554', '2019-11-26 10:22:01');
INSERT INTO `t_coupon_order` VALUES ('406', '3', '195', '555', '2019-11-19 10:22:01');
INSERT INTO `t_coupon_order` VALUES ('407', '3', '722', '556', '2019-11-14 10:22:01');
INSERT INTO `t_coupon_order` VALUES ('408', '2', '232', '557', '2019-11-25 10:22:01');
INSERT INTO `t_coupon_order` VALUES ('409', '2', '789', '558', '2019-11-26 10:22:01');
INSERT INTO `t_coupon_order` VALUES ('410', '3', '393', '559', '2019-11-14 10:22:01');
INSERT INTO `t_coupon_order` VALUES ('411', '3', '592', '560', '2019-11-17 10:22:01');
INSERT INTO `t_coupon_order` VALUES ('412', '3', '438', '561', '2019-11-12 10:22:01');
INSERT INTO `t_coupon_order` VALUES ('413', '3', '922', '562', '2019-11-12 10:22:01');
INSERT INTO `t_coupon_order` VALUES ('414', '2', '222', '563', '2019-11-24 10:22:01');
INSERT INTO `t_coupon_order` VALUES ('415', '3', '337', '564', '2019-11-14 10:22:01');
INSERT INTO `t_coupon_order` VALUES ('416', '3', '198', '565', '2019-11-15 10:22:01');
INSERT INTO `t_coupon_order` VALUES ('417', '3', '67', '566', '2019-11-19 10:22:01');
INSERT INTO `t_coupon_order` VALUES ('418', '2', '905', '567', '2019-11-25 10:22:01');
INSERT INTO `t_coupon_order` VALUES ('419', '2', '699', '568', '2019-11-23 10:22:01');
INSERT INTO `t_coupon_order` VALUES ('420', '2', '268', '569', '2019-11-24 10:22:01');
INSERT INTO `t_coupon_order` VALUES ('421', '2', '481', '570', '2019-11-27 10:22:01');
INSERT INTO `t_coupon_order` VALUES ('422', '3', '458', '571', '2019-11-24 10:22:01');
INSERT INTO `t_coupon_order` VALUES ('423', '2', '938', '572', '2019-11-27 10:22:01');
INSERT INTO `t_coupon_order` VALUES ('424', '2', '569', '573', '2019-11-18 10:22:01');
INSERT INTO `t_coupon_order` VALUES ('425', '3', '673', '574', '2019-11-11 10:22:01');
INSERT INTO `t_coupon_order` VALUES ('426', '3', '218', '575', '2019-11-25 10:22:01');
INSERT INTO `t_coupon_order` VALUES ('427', '2', '386', '576', '2019-11-26 10:22:01');
INSERT INTO `t_coupon_order` VALUES ('428', '2', '901', '577', '2019-11-20 10:22:01');
INSERT INTO `t_coupon_order` VALUES ('429', '3', '109', '578', '2019-11-13 10:22:01');
INSERT INTO `t_coupon_order` VALUES ('430', '2', '861', '579', '2019-11-19 10:22:01');
INSERT INTO `t_coupon_order` VALUES ('431', '3', '739', '580', '2019-11-19 10:22:01');
INSERT INTO `t_coupon_order` VALUES ('432', '2', '434', '581', '2019-11-27 10:22:01');
INSERT INTO `t_coupon_order` VALUES ('433', '3', '319', '582', '2019-11-28 10:22:01');
INSERT INTO `t_coupon_order` VALUES ('434', '3', '788', '583', '2019-11-22 10:22:01');
INSERT INTO `t_coupon_order` VALUES ('435', '3', '105', '584', '2019-11-22 10:22:01');
INSERT INTO `t_coupon_order` VALUES ('436', '2', '609', '585', '2019-11-15 10:22:01');
INSERT INTO `t_coupon_order` VALUES ('437', '2', '205', '586', '2019-11-25 10:22:01');
INSERT INTO `t_coupon_order` VALUES ('438', '3', '845', '587', '2019-11-30 10:22:01');
INSERT INTO `t_coupon_order` VALUES ('439', '3', '71', '588', '2019-11-21 10:22:01');
INSERT INTO `t_coupon_order` VALUES ('440', '2', '322', '589', '2019-11-30 10:22:01');
INSERT INTO `t_coupon_order` VALUES ('441', '2', '501', '590', '2019-11-12 10:22:01');
INSERT INTO `t_coupon_order` VALUES ('442', '3', '590', '591', '2019-11-13 10:22:01');
INSERT INTO `t_coupon_order` VALUES ('443', '2', '4', '592', '2019-11-12 10:22:01');
INSERT INTO `t_coupon_order` VALUES ('444', '3', '300', '593', '2019-11-19 10:22:01');
INSERT INTO `t_coupon_order` VALUES ('445', '3', '4', '594', '2019-11-17 10:22:01');
INSERT INTO `t_coupon_order` VALUES ('446', '2', '351', '595', '2019-11-11 10:22:01');
INSERT INTO `t_coupon_order` VALUES ('447', '2', '733', '596', '2019-11-21 10:22:01');
INSERT INTO `t_coupon_order` VALUES ('448', '2', '541', '597', '2019-11-24 10:22:01');
INSERT INTO `t_coupon_order` VALUES ('449', '2', '539', '598', '2019-11-15 10:22:01');
INSERT INTO `t_coupon_order` VALUES ('450', '2', '185', '599', '2019-11-14 10:22:01');
INSERT INTO `t_coupon_order` VALUES ('451', '1', '822', '600', '2019-11-19 10:22:01');
INSERT INTO `t_coupon_order` VALUES ('452', '1', '601', '601', '2019-11-16 10:22:01');
INSERT INTO `t_coupon_order` VALUES ('453', '1', '20', '602', '2019-11-16 10:22:01');
INSERT INTO `t_coupon_order` VALUES ('454', '1', '519', '603', '2019-11-17 10:22:01');
INSERT INTO `t_coupon_order` VALUES ('455', '1', '54', '604', '2019-11-22 10:22:01');
INSERT INTO `t_coupon_order` VALUES ('456', '1', '160', '605', '2019-11-23 10:22:01');
INSERT INTO `t_coupon_order` VALUES ('457', '1', '114', '606', '2019-11-19 10:22:01');
INSERT INTO `t_coupon_order` VALUES ('458', '1', '263', '607', '2019-11-20 10:22:01');
INSERT INTO `t_coupon_order` VALUES ('459', '1', '64', '608', '2019-11-25 10:22:01');
INSERT INTO `t_coupon_order` VALUES ('460', '1', '626', '609', '2019-11-26 10:22:01');
INSERT INTO `t_coupon_order` VALUES ('461', '1', '376', '612', '2019-11-16 10:22:01');
INSERT INTO `t_coupon_order` VALUES ('462', '1', '724', '616', '2019-11-18 10:22:01');
INSERT INTO `t_coupon_order` VALUES ('463', '1', '835', '617', '2019-11-21 10:22:01');
INSERT INTO `t_coupon_order` VALUES ('464', '1', '21', '618', '2019-11-30 10:22:01');
INSERT INTO `t_coupon_order` VALUES ('465', '1', '196', '620', '2019-11-27 10:22:01');
INSERT INTO `t_coupon_order` VALUES ('466', '1', '710', '621', '2019-11-18 10:22:01');
INSERT INTO `t_coupon_order` VALUES ('467', '1', '176', '622', '2019-11-15 10:22:01');
INSERT INTO `t_coupon_order` VALUES ('468', '1', '952', '625', '2019-11-22 10:22:01');
INSERT INTO `t_coupon_order` VALUES ('469', '1', '726', '626', '2019-11-28 10:22:01');
INSERT INTO `t_coupon_order` VALUES ('470', '1', '925', '627', '2019-11-21 10:22:01');
INSERT INTO `t_coupon_order` VALUES ('471', '1', '306', '629', '2019-11-26 10:22:01');
INSERT INTO `t_coupon_order` VALUES ('472', '1', '383', '631', '2019-11-22 10:22:01');
INSERT INTO `t_coupon_order` VALUES ('473', '1', '340', '632', '2019-11-27 10:22:01');
INSERT INTO `t_coupon_order` VALUES ('474', '1', '233', '634', '2019-11-26 10:22:01');
INSERT INTO `t_coupon_order` VALUES ('475', '1', '229', '635', '2019-11-19 10:22:01');
INSERT INTO `t_coupon_order` VALUES ('476', '1', '929', '636', '2019-11-27 10:22:01');
INSERT INTO `t_coupon_order` VALUES ('477', '1', '113', '639', '2019-11-24 10:22:01');
INSERT INTO `t_coupon_order` VALUES ('478', '1', '889', '640', '2019-11-12 10:22:01');
INSERT INTO `t_coupon_order` VALUES ('479', '1', '164', '642', '2019-11-26 10:22:01');
INSERT INTO `t_coupon_order` VALUES ('480', '1', '39', '643', '2019-11-17 10:22:01');
INSERT INTO `t_coupon_order` VALUES ('481', '1', '174', '644', '2019-11-25 10:22:01');
INSERT INTO `t_coupon_order` VALUES ('482', '1', '255', '645', '2019-11-24 10:22:01');
INSERT INTO `t_coupon_order` VALUES ('483', '1', '124', '647', '2019-11-20 10:22:01');
INSERT INTO `t_coupon_order` VALUES ('484', '1', '574', '649', '2019-11-23 10:22:01');
INSERT INTO `t_coupon_order` VALUES ('485', '1', '680', '651', '2019-11-28 10:22:01');
INSERT INTO `t_coupon_order` VALUES ('486', '1', '305', '654', '2019-11-20 10:22:01');
INSERT INTO `t_coupon_order` VALUES ('487', '1', '93', '655', '2019-11-28 10:22:01');
INSERT INTO `t_coupon_order` VALUES ('488', '1', '348', '656', '2019-11-11 10:22:01');
INSERT INTO `t_coupon_order` VALUES ('489', '1', '381', '658', '2019-11-13 10:22:01');
INSERT INTO `t_coupon_order` VALUES ('490', '1', '989', '660', '2019-11-13 10:22:01');
INSERT INTO `t_coupon_order` VALUES ('491', '1', '557', '661', '2019-11-25 10:22:01');
INSERT INTO `t_coupon_order` VALUES ('492', '1', '953', '663', '2019-11-14 10:22:01');
INSERT INTO `t_coupon_order` VALUES ('493', '1', '811', '664', '2019-11-25 10:22:01');
INSERT INTO `t_coupon_order` VALUES ('494', '1', '716', '665', '2019-11-30 10:22:01');
INSERT INTO `t_coupon_order` VALUES ('495', '1', '628', '667', '2019-11-17 10:22:01');
INSERT INTO `t_coupon_order` VALUES ('496', '1', '72', '668', '2019-11-23 10:22:01');
INSERT INTO `t_coupon_order` VALUES ('497', '1', '519', '671', '2019-11-22 10:22:01');
INSERT INTO `t_coupon_order` VALUES ('498', '1', '575', '677', '2019-11-30 10:22:01');
INSERT INTO `t_coupon_order` VALUES ('499', '1', '794', '679', '2019-11-24 10:22:01');
INSERT INTO `t_coupon_order` VALUES ('500', '1', '899', '682', '2019-11-12 10:22:01');
INSERT INTO `t_coupon_order` VALUES ('501', '1', '872', '685', '2019-11-21 10:22:01');
INSERT INTO `t_coupon_order` VALUES ('502', '1', '752', '686', '2019-11-14 10:22:01');
INSERT INTO `t_coupon_order` VALUES ('503', '1', '926', '688', '2019-11-29 10:22:01');
INSERT INTO `t_coupon_order` VALUES ('504', '1', '774', '691', '2019-11-27 10:22:01');
INSERT INTO `t_coupon_order` VALUES ('505', '1', '981', '693', '2019-11-26 10:22:01');
INSERT INTO `t_coupon_order` VALUES ('506', '1', '719', '699', '2019-11-11 10:22:01');
INSERT INTO `t_coupon_order` VALUES ('507', '1', '411', '700', '2019-11-25 10:22:01');
INSERT INTO `t_coupon_order` VALUES ('508', '1', '824', '701', '2019-11-25 10:22:01');
INSERT INTO `t_coupon_order` VALUES ('509', '1', '509', '704', '2019-11-16 10:22:01');
INSERT INTO `t_coupon_order` VALUES ('510', '1', '441', '707', '2019-11-14 10:22:01');
INSERT INTO `t_coupon_order` VALUES ('511', '1', '714', '708', '2019-11-14 10:22:01');
INSERT INTO `t_coupon_order` VALUES ('512', '1', '575', '710', '2019-11-11 10:22:01');
INSERT INTO `t_coupon_order` VALUES ('513', '1', '374', '711', '2019-11-28 10:22:01');
INSERT INTO `t_coupon_order` VALUES ('514', '1', '449', '712', '2019-11-16 10:22:01');
INSERT INTO `t_coupon_order` VALUES ('515', '1', '603', '713', '2019-11-27 10:22:01');
INSERT INTO `t_coupon_order` VALUES ('516', '1', '250', '714', '2019-11-21 10:22:01');
INSERT INTO `t_coupon_order` VALUES ('517', '1', '264', '715', '2019-11-24 10:22:01');
INSERT INTO `t_coupon_order` VALUES ('518', '1', '407', '716', '2019-11-15 10:22:01');
INSERT INTO `t_coupon_order` VALUES ('519', '1', '549', '718', '2019-11-25 10:22:01');
INSERT INTO `t_coupon_order` VALUES ('520', '1', '123', '719', '2019-11-26 10:22:01');
INSERT INTO `t_coupon_order` VALUES ('521', '1', '415', '720', '2019-11-26 10:22:01');
INSERT INTO `t_coupon_order` VALUES ('522', '1', '425', '721', '2019-11-12 10:22:01');
INSERT INTO `t_coupon_order` VALUES ('523', '1', '349', '724', '2019-11-12 10:22:01');
INSERT INTO `t_coupon_order` VALUES ('524', '1', '166', '726', '2019-11-20 10:22:01');
INSERT INTO `t_coupon_order` VALUES ('525', '1', '466', '727', '2019-11-12 10:22:01');
INSERT INTO `t_coupon_order` VALUES ('526', '1', '164', '732', '2019-11-14 10:22:01');
INSERT INTO `t_coupon_order` VALUES ('527', '1', '162', '733', '2019-11-21 10:22:01');
INSERT INTO `t_coupon_order` VALUES ('528', '1', '654', '740', '2019-11-21 10:22:01');
INSERT INTO `t_coupon_order` VALUES ('529', '1', '600', '743', '2019-11-17 10:22:01');
INSERT INTO `t_coupon_order` VALUES ('530', '1', '452', '744', '2019-11-16 10:22:01');
INSERT INTO `t_coupon_order` VALUES ('531', '1', '972', '745', '2019-11-27 10:22:01');
INSERT INTO `t_coupon_order` VALUES ('532', '1', '784', '746', '2019-11-14 10:22:01');
INSERT INTO `t_coupon_order` VALUES ('533', '1', '841', '747', '2019-11-27 10:22:01');
INSERT INTO `t_coupon_order` VALUES ('534', '1', '896', '751', '2019-11-24 10:22:01');
INSERT INTO `t_coupon_order` VALUES ('535', '1', '252', '752', '2019-11-17 10:22:01');
INSERT INTO `t_coupon_order` VALUES ('536', '1', '902', '753', '2019-11-12 10:22:01');
INSERT INTO `t_coupon_order` VALUES ('537', '1', '433', '756', '2019-11-25 10:22:01');
INSERT INTO `t_coupon_order` VALUES ('538', '1', '840', '757', '2019-11-22 10:22:01');
INSERT INTO `t_coupon_order` VALUES ('539', '1', '764', '759', '2019-11-11 10:22:01');
INSERT INTO `t_coupon_order` VALUES ('540', '1', '635', '761', '2019-11-14 10:22:01');
INSERT INTO `t_coupon_order` VALUES ('541', '1', '596', '764', '2019-11-11 10:22:01');
INSERT INTO `t_coupon_order` VALUES ('542', '1', '254', '768', '2019-11-22 10:22:01');
INSERT INTO `t_coupon_order` VALUES ('543', '1', '308', '770', '2019-11-13 10:22:01');
INSERT INTO `t_coupon_order` VALUES ('544', '1', '552', '771', '2019-11-19 10:22:01');
INSERT INTO `t_coupon_order` VALUES ('545', '1', '791', '773', '2019-11-24 10:22:01');
INSERT INTO `t_coupon_order` VALUES ('546', '1', '857', '774', '2019-11-26 10:22:01');
INSERT INTO `t_coupon_order` VALUES ('547', '1', '27', '775', '2019-11-13 10:22:01');
INSERT INTO `t_coupon_order` VALUES ('548', '1', '85', '776', '2019-11-22 10:22:01');
INSERT INTO `t_coupon_order` VALUES ('549', '1', '591', '778', '2019-11-20 10:22:01');
INSERT INTO `t_coupon_order` VALUES ('550', '1', '136', '781', '2019-11-21 10:22:01');
INSERT INTO `t_coupon_order` VALUES ('551', '1', '80', '782', '2019-11-23 10:22:01');
INSERT INTO `t_coupon_order` VALUES ('552', '1', '707', '784', '2019-11-16 10:22:01');
INSERT INTO `t_coupon_order` VALUES ('553', '1', '808', '786', '2019-11-29 10:22:01');
INSERT INTO `t_coupon_order` VALUES ('554', '1', '979', '787', '2019-11-26 10:22:01');
INSERT INTO `t_coupon_order` VALUES ('555', '1', '525', '789', '2019-11-24 10:22:01');
INSERT INTO `t_coupon_order` VALUES ('556', '1', '697', '791', '2019-11-13 10:22:01');
INSERT INTO `t_coupon_order` VALUES ('557', '1', '333', '794', '2019-11-26 10:22:01');
INSERT INTO `t_coupon_order` VALUES ('558', '1', '556', '795', '2019-11-27 10:22:01');
INSERT INTO `t_coupon_order` VALUES ('559', '1', '889', '797', '2019-11-14 10:22:01');
INSERT INTO `t_coupon_order` VALUES ('560', '1', '635', '798', '2019-11-24 10:22:01');
INSERT INTO `t_coupon_order` VALUES ('561', '1', '148', '799', '2019-11-11 10:22:01');
